p001,p002,p003,p004,p005,p006,p007,p008,p009,p010,p011,p012,p013,p014,p015,p016,p017,p018,p019,p020,p021,p022,p023,p024,p025,p026,p027,p028,p029,p030,p031,p032,p033,p034,p035,p036,p037,p038,p039,p040,p041,p042,p043,p044,p045,p046,p047,p048,p049,p050,p051,p052,p053,p054,p055,p056,p057,p058,p059,p060,p061,p062,p063,p064,p065,p066,p067,p068,p069,p070,p071,p072,p073,p074
2.2779812105627597e-77,0.0509,,0.0,,,0.1468,0.12,1e-05,0.194774595760407,0.0016,0.0,0.0,0.0,0.00136826162639875,0.16753076852842097,,,0.0542,,,0.0003,2.2543886225876494e-61,0.238319123950244,0.59,0.000122641983862969,0.764,0.0,,0.299968371354979,0.0,0 ,0.0,,,0.0,0.0033,,,0.470 ,,0.183,0.243,0.146,,9.956633376525658e-27,0.47923435269416104,,,,,0.999920543288985,6.388230257680678e-99,0.18447104399999997,0.9321265487148499,,0.0103036601433772,,1.36950827940139e-27,,0.0,,0.0,3.42783586589976e-05,0.0,,0.03,8.834415695895658e-40,9.242256563084e-09,0.0,0.00401508372624316,0.0076141321961826205,3.55600082865553e-05,
1.53576164096542e-28,0.8415,,0.0,,,0.0,0.0,1e-05,0.5087151191779771,0.0239,0.0,0.019,0.0,0.8053914338746321,0.0308538625006548,,,0.0018,,,0.0005,1.0993648880001598e-45,0.0112883125574324,0.03,1.8042340548173002e-18,0.621,0.0,,0.00758388843403995,0.0,0 ,0.0,,,0.0,0.0,,,0.059 ,,0.0,0.157,0.0,,3.0483702929018393e-25,0.549763083678714,,,,,0.462185785367867,5.854736763928849e-55,0.147676663,0.9563799666863578,,0.47848805908308295,,3.29442611200106e-11,,0.0,,0.738,2.2728689490582194e-86,0.0,,0.03,1.59975807012576e-31,0.0122898105745734,0.0,0.0542210771550721,1.4186329720416102e-05,0.49099406334051093,
1.01671503606078e-18,0.0789,,0.0,,,0.0,0.0,1e-05,0.8250901924818971,0.0,0.0,0.8220000000000001,0.0,7.0432810647449e-05,0.5203728514905029,,,0.023,,,0.0,0.8677659865917371,0.000248662572262406,0.03,5.90625707160306e-21,0.129,0.0,,0.0013112203911001801,0.0,0 ,0.0,,,0.0,0.7059,,,0.069 ,,0.19399999999999998,0.081,0.85,,1.14466139893993e-21,0.0292149716999864,,,,,0.999920543288985,0.0182455383877161,0.497859306,0.9529577199101559,,0.617596117472661,,1.6600777905289797e-52,,0.26,,0.037000000000000005,0.13767774784876802,0.001,,0.02,2.85705032020524e-29,0.795398344093335,0.765,0.1645130346696,0.0927244439298314,2.18141761904166e-21,
0.0,0.4049,,0.0,,,0.0,0.0,1e-05,1.9459190666181599e-47,0.0003,0.0,0.149,0.0,0.8300817726027891,0.000225372402368936,,,0.0,,,0.0,0.0564112869731002,0.00309273325834734,0.28,0.000268284890812787,0.125,0.0,,1.64114865023446e-28,0.087,0 ,0.0,,,0.087,0.7914,,,0.324 ,,0.043,0.29600000000000004,0.016,,2.7847497704371e-22,1.3547402987248198e-13,,,,,0.36646376694772204,4.3178755631022786e-68,0.04372281099999999,0.938757629832485,,0.00728165986369061,,4.56451065215857e-07,,0.26,,0.061,1.0144567239983399e-19,0.0,,0.04,1.13555725486454e-17,0.21421694892878101,0.0,1.0,0.0017444078378289199,0.0192377435241871,
1.7596617872281398e-154,0.4533,,0.0,,,0.7084,0.0,1e-05,0.438156242150748,0.0239,0.01,0.046,0.0,0.0061354161809506,0.098148894584554,,,0.0055,,,0.0,8.315920034009867e-126,6.9116336317848e-05,0.18,1.5418291889730198e-18,0,0.0,,0.00161805441358922,0.129,0 ,0.0,,,0.129,0.0,,,0.000 ,,0.0,0.375,0.0,,2.22079156068066e-27,0.0027921662480977602,,,,,0.999841086578778,3.346201982548819e-36,0.144130136,0.883410028390871,,0.137717520856599,,1.82422511733129e-38,,0.0,,0.586,0.0,0.0,,0.0,2.0035911514725e-29,0.7800558815165721,0.0,0.00163714734784729,0.00248197822205034,0.849501832464743,
1.7480442676436902e-06,0.6419,,0.0,,,0.0,0.0,8e-05,0.718102094699875,0.0,0.03,0.016,0.0,0.761171270206273,0.5184479959796711,,,0.0637,,,0.0866,0.505594981434167,7.80981962159765e-08,0.0,4.04965846203649e-21,0,0.003,,0.007780158784376391,0.0,0 ,0.0,,,0.0,0.0153,,,0.130 ,,0.927,0.204,0.001,,7.53146319461746e-14,0.0641918582805835,,,,,0.39321237227904104,2.2847144780730897e-74,0.357469553,0.95595215580098,,5.6094413735785995e-14,,1.2152497666247299e-32,,0.0,,0.038,3.16186021015311e-06,0.0,,0.05,1.38660143045958e-19,0.0339664415210568,0.0,0.243742307854428,0.000367206362911093,0.181765764091299,
1.07731991529058e-25,0.0426,,0.0,,,0.0013,0.0,1e-05,0.6867209110957601,0.0013,0.0,0.027000000000000003,0.0,0.0015682936061288699,0.95856195916492,,,0.0367,,,0.0,0.0388219798631015,5.88255930579255e-13,0.07,1.74318996118825e-09,0,0.0,,0.26921839160349204,0.0,0.0104 ,0.0,,,0.0,0.0,,,0.000 ,,0.0,0.032,0.14300000000000002,,2.7570042839870397e-87,0.00875680045254953,,,,,0.23873381200784102,1.8144938907310997e-54,0.215706321,0.9424101553353521,,0.909583723091702,,2.05541725320787e-18,,0.56,,,0.168493391713701,0.0,,0.64,8.52895271028285e-23,0.0814656265027262,0.935,0.389726317078404,4.1859804331648296e-05,4.9435154218173395e-08,
5.72202376463843e-14,0.5678,,0.0,,,0.0,0.0,2e-05,0.000838735407499062,0.0504,0.0,0.055999999999999994,0.0,2.5326758698401503e-17,2.78846068325385e-05,,,0.0152,,,0.0,0.66860124081981,5.93262708036332e-11,0.13,1.79738436833415e-17,0,0.0,,0.10551217680539099,0.0,0 ,0.0,,,0.0,0.0,,,0.018 ,,0.081,0.162,0.015,,2.28791330581433e-46,0.33421384763734197,,,,,0.8970012829487769,1.4025386763344e-32,0.07047287,0.936471561681145,,0.0467825018017875,,8.05461181711736e-17,,0.19,,,2.1590095475668602e-05,0.008,,0.06,0.34174041596109195,1.76793145185126e-05,0.5920000000000001,0.74189824493873,0.0009066336602856,0.00188310582462475,
2.12197756500611e-14,0.6698,,0.612,,,0.4527,0.0,0.00043,0.0191713286837639,0.0001,0.02,0.17800000000000002,0.0,0.878187256746933,8.03691653114299e-06,,,0.4028,,,0.1791,3.9626413304833896e-29,0.000636486276834155,0.0,1.3839454800558399e-19,0,0.27,,0.00250367630600866,0.0,0 ,0.0,,,0.0,0.0435,,,0.164 ,,0.11199999999999999,0.026000000000000002,0.7959999999999999,,4.5310020092884894e-54,0.0019223118791877,,,,,0.172707367274496,3.0517790786987294e-41,0.485026164,0.93631308028723,,0.0396698640057737,,4.5288815243652496e-14,,0.43,,,1.3581012803142596e-101,0.034,,0.12,0.07448399649089199,0.13419681209165502,0.6709999999999999,0.0687173519319132,0.0220183934595641,0.18503300439889103,
6.2206650232947885e-56,0.1407,,0.0,,,0.8361,0.0,1e-05,0.4142265537722021,0.0504,0.01,0.853,0.0,0.00741245881155512,2.4889380948389602e-05,,,0.6724,,,0.0,8.18535456370125e-26,0.0457163095909094,0.0,0.0008851183099988259,0,0.024,,0.299968371354979,0.0,0 ,0.0,,,0.087,0.0,,,0.000 ,,0.184,0.063,0.085,,6.73845306401417e-40,0.0882967247257802,,,,,0.119364770183669,2.9271089523141898e-31,0.001141446,0.962014685730578,,0.191620228008706,,1.6762363986590498e-35,,0.51,,,0.0515207702839389,0.003,,0.04,0.18834382108219602,0.0867154325330925,0.0,0.415571862719974,0.00102502304820322,0.31371564229165005,
1.4748407381526198e-81,0.8899,,0.001,,,0.0,0.0,1e-05,0.0431915991216621,0.0,0.02,0.51,0.0,0.707805652160294,0.000279735557267133,,,0.303,,,0.0,0.00262804864027457,7.917779130684179e-05,0.0,3.83276394169644e-07,0,0.0,,0.89520536103507,0.0,0 ,0.0,,,0.475,0.0,,,0.000 ,,0.0,0.027999999999999997,0.0,,1.0378956801543801e-48,0.00739721370824203,,,,,0.12640056641020098,1.66308467208499e-33,0.005107295,0.964106981339755,,0.0108588097398862,,2.9107778032883398e-09,,0.0,,,1.41658600907309e-20,0.0,,0.12,0.00294886819673158,0.0702289063276588,0.0,0.172861356752785,0.027144817139762002,0.22014196031524397,
4.788647810648309e-97,0.1916,,0.0,,,0.2267,0.0,0.00015,1.0,0.4964,0.0,0.43700000000000006,0.0,0.326785834608605,9.98595197725777e-05,,,0.0643,,,,0.9601619955233399,0.000338045561350915,0.0,1.68468218214665e-17,0.001,0.0,,0.0335828182691012,0.585,0 ,0.0,,,0.0,0.0974,,,0.063 ,,0.0,0.059000000000000004,0.01,,4.9071426254791996e-33,0.9126135167730871,,,,,0.0014015874605353802,4.897799228141489e-71,2.93817e-05,0.959149284972967,,0.4661998633083221,,1.1680400801926399e-06,,0.49,,,5.272776760847888e-167,0.0,,0.05,0.14044672819981502,0.0885258086250326,0.0,0.00178803602512908,0.0363843935741733,0.18834382108219602,
8.975319541710049e-18,0.6953,,0.0,,,0.0,0.001,0.0009400000000000001,0.203884878619969,0.0712,0.0,0.017,0.01,0.544777244805035,0.0238026949713723,,,,,,,1.7828600906891093e-179,0.53430404978408,0.86,1.8613522554945497e-21,0,0.0,,0.721452226432947,0.0,0 ,0.0,,,0.0,0.0004,,,0.004 ,,0.02,0.457,0.0,,,8.083324132191809e-31,,,,,0.0155621406827305,5.857782159038089e-35,0.729718698,0.8923211571987091,,0.624642991056094,,5.486056029921869e-22,,0.13,,,7.745465925289799e-10,0.0,,0.17,0.0888166989415904,0.005309839174880471,0.0,0.10462958261147401,0.0013787877546628199,0.00027861993202345697,
9.047748070017919e-19,0.4333,,0.0,,,0.1074,0.0,0.14067000000000002,1.0,0.0,0.02,0.39899999999999997,0.28600000000000003,0.272259712374048,0.00506917188143705,,,,,,,8.375925275725819e-22,0.0587363378421266,0.03,2.25965044459487e-05,0,0.0,,0.00060752166666292,0.0,0 ,0.0,,,0.0,0.0,,,0.000 ,,0.475,0.597,0.415,,,0.9284539134691631,,,,,0.557406173456298,1.4011608730946098e-46,0.33377961100000003,0.881442758487832,,0.0068686145401647206,,8.47872735132486e-13,,0.37,,,0.5751670647917659,0.0,,0.07,4.76049024932378e-10,0.55652149133051,0.0,0.19187746981930104,0.000187689666047348,0.8888008786936659,
2.0794843149674097e-51,0.2832,,0.0,,,0.2409,0.0,0.4932,0.6739522120633079,0.434,0.0,0.0,0.068,0.369571926545216,0.9999205800602942,,,,,,,0.0265770014139326,4.51616935907885e-12,0.0,2.77888738416063e-05,0,0.0,,0.0176541592227396,0.0,0 ,0.0,,,0.0,0.5548,,,0.048 ,,0.0,0.287,0.034,,,0.13143324409744098,,,,,0.920677712056549,1.30530465365457e-38,0.48773758100000003,0.916689756911647,,0.135109190451336,,1.5563134055547403e-11,,0.19,,,4.62334976646842e-23,0.0,,0.0,0.007102911612720641,0.00048054252491676905,0.028999999999999998,1.0,0.0207102909335462,8.57092165350619e-05,
2.4186883971120496e-63,0.0007,,0.0,,,0.0105,0.0,0.0358,0.0170605449728138,0.7698,0.03,0.509,0.418,0.5984937120388051,0.922295155678895,,,,,,,0.0465735036078403,5.15985757004914e-10,0.0,5.845330742046859e-23,0,0.0,,0.10051409593285901,0.0,0 ,0.0,,,0.36700000000000005,0.0,,,0.000 ,,0.292,0.046,0.0,,,0.795358795595126,,,,,0.976166621284519,5.5168338092751714e-49,0.104963835,0.9599879667867101,,1.7180644038713402e-13,,1.6760711865120996e-203,,0.0,,,2.8147827213259692e-83,0.0,,0.04,0.058871772328214,0.6111752676614339,0.0,0.000286315500777292,0.0422498596685022,0.130090284213703,
4.447894709387599e-83,0.0,,0.0,,,0.0002,0.0,1e-05,0.9797977573519191,0.4866,0.0,0.018000000000000002,0.032,4.97576597477318e-07,0.15395656086048498,,,,,,,1.1067087559255398e-37,,0.0834,0.00569089237586801,0.354 ,0.001,,0.000162578705225251,0.0,0 ,0.0,,,0.544,0.1938,,,0.000 ,,0.95,0.147,0.12,,,0.0795491251851312,,,,,0.23485619680180103,1.90557320747429e-64,0.232913265,2.56713734524497e-43,,0.9093461928705971,,3.3547854668181e-13,,0.43,,,0.346861465284047,0.0,,0.0,4.20991782787737e-18,0.22533425220470604,0.0,0.317656056842677,0.0353210787530105,0.00631725656358012,
1.14545902781306e-08,0.0058,,0.0,,,0.3057,0.0,1e-05,0.0,0.0,0.01,0.001,0.025,0.8208067307336908,0.526816279111486,,,,,,,3.19636337076961e-48,,0.01,0.00119939707326727,0.000 ,0.0,,0.248894568818013,0.004,0 ,0.0,,,0.0,0.5295,,,0.392 ,,0.004,0.019,0.948,,,0.015892145147459,,,,,0.9523550379853291,1.4025386763344e-32,8.24718e-05,2.7499561905225987e-168,,0.0467825018017875,,2.4685931566423497e-18,,0.69,,,1.81021066774986e-16,0.0,,0.05,3.80654057043956e-19,0.0687343089643336,0.0,0.21361938362316002,0.0024736095299406,0.000199340974711309,
5.70055848326508e-31,0.5645,,0.0,,,0.0967,0.0,0.7265,0.171885320175591,0.0037,0.0,0.046,0.49,2.09512590394341e-05,0.125075253597216,,,,,,,5.33335724416622e-05,,-0.0004,9.233161234807599e-10,0.160 ,0.0,,3.32033422521367e-15,0.23199999999999998,0.8058 ,0.0,,,0.0,0.0,,,0.120 ,,0.0,0.18600000000000003,0.268,,,8.71453313464491e-06,,,,,0.0737480743807879,2.0292816557515496e-127,0.00040310599999999997,1.7790851532179699e-43,,0.16001203373996803,,3.1274522075944397e-10,,0.62,,,2.83795683932923e-121,0.004,,0.03,5.65756817120036e-07,6.02438935874786e-05,0.0,0.663568413644868,0.0441595191035206,7.32958348192998e-26,
5.204316722833399e-28,0.0026,,0.012,,,0.0,0.0,0.047,0.9908978548905172,0.0,0.0,0.042,,0.229547163413436,0.0108157998216936,,,,,,,0.0846604087678889,,0.01,1.76860801397206e-06,0.021 ,0.0,,5.18170503033031e-06,0.0,0 ,0.0,,,0.0,0.3274,,,0.299 ,,0.40700000000000003,0.285,0.003,,,0.0641918582805835,,,,,0.21254816319131897,1.96103446342273e-65,1.5580799999999998e-06,1.03507984089487e-81,,0.175281252963357,,6.096174021620329e-20,,,,,4.4292394951406005e-15,0.0,,0.05,0.00027861993202345697,0.0564402394698785,0.0,0.0419116933780095,0.0262160815800043,0.0906854794914826,
2.1383308671404097e-12,0.1591,,0.0,,,0.016,0.0,1e-05,0.597313930562678,0.266,0.0,0.0,,0.6147961031142299,0.00683057486425152,,,,,,,0.0,,-0.028999999999999998,0.0008324832684502901,0.000 ,0.0,,1.16807614288503e-06,0.0,0 ,0.0,,,0.0,0.2791,,,0.295 ,,0.731,0.139,0.02,,,0.149956418421346,,,,,0.22349814293263398,5.80273548395864e-05,0.318149954,1.4003805392570199e-92,,0.509973627318398,,7.264575905021779e-19,,,,,0.181790616888281,0.0,,0.01,2.44796703170243e-16,0.15299076454259197,0.652,0.18608091149356698,0.0218519896274034,8.665283449216321e-17,
6.134125870937808e-59,0.6943,,0.012,,,0.0,0.0,1e-05,0.7806543857713729,0.006,0.0,0.009000000000000001,,3.69731076298011e-16,0.000866345304143595,,,,,,,0.169671659674415,,0.03,3.3341391168882206e-08,0.360 ,0.0,,0.0152238171339341,0.0,0 ,0.085,,,0.0,0.0,,,0.000 ,,0.04,0.243,0.024,,,0.14446902049074498,,,,,0.0190354854065301,9.285703383426559e-15,0.571148833,4.469205096514721e-37,,0.756866915168495,,1.8302585643947798e-33,,,,,2.1885951032796396e-29,0.002,,0.04,2.7969312215917e-15,0.62520720590113,0.0,0.24574644119688,0.00636826898462625,0.205560204839138,
2.04053446969732e-34,0.0001,,0.038,,,,0.0,0.00303,0.289322448899987,0.5529999999999999,0.02,0.004,,0.91805236851713,0.5510158826779621,,,,,,,0.0226371636480222,,0.37,1.46184700756311e-29,0.491 ,0.0,,1.1522535908627702e-08,0.0,0 ,0.0,,,0.23199999999999998,0.0001,,,0.555 ,,0.129,0.157,0.22699999999999998,,,0.9363853086541272,,,,,0.0210203959632561,7.29747411087752e-71,0.651335123,6.984738279207369e-27,,0.0202177921602196,,4.823268534206449e-22,,,,,0.220671537257078,0.384,,0.01,0.17536097523080402,0.549863457569234,0.0,0.00100165015273595,0.0491467535034488,2.3680706772721903e-06,
1.9470875213430998e-22,0.0,,0.033,,,,0.0,1e-05,0.0007522114053089679,0.006,0.01,0.423,,0.0407117865061187,0.0212857238327954,,,,,,,0.162057360907564,,-0.0085,1.23262282489079e-29,0.000 ,0.0,,0.833518321361268,0.011000000000000001,0 ,0.0,,,0.0,0.1582,,,0.190 ,,0.778,0.081,0.009000000000000001,,,0.402764096106193,,,,,0.00153488615739862,4.2008797934495597e-38,0.16593960900000002,1.61079739764635e-19,,0.40747686354456397,,1.0996817307377998e-82,,,,,0.244028190011488,0.23600000000000002,,0.01,0.348351461314491,0.0748758978670466,0.0,0.0747064741761714,0.0471252911261152,0.000141752733442089,
8.39047215521642e-20,0.0104,,0.022000000000000002,,,,0.0,1e-05,0.507683919860491,0.005,0.02,0.085,,0.23971194602367302,0.9849111360927599,,,,,,,3.2135990884427504e-36,,0.08,1.01869420861527e-16,0.540 ,0.0,,0.000147228575623764,0.001,0 ,0.0,,,0.0,0.0,,,0.092 ,,0.0,0.29600000000000004,0.96,,,1.0893713935248596e-110,,,,,0.8188741125025759,2.2847144780730897e-74,0.004353955,4.23348987097352e-26,,2.83531142835495e-05,,0.00678489853977205,,,,,0.26095967031507,0.47200000000000003,,0.02,0.0529350213464933,0.8496942826945341,0.0,0.113306158236336,0.0245286779639541,6.271091140188731e-12,
6.294187214092629e-58,0.2123,,0.052000000000000005,,,,0.0,1e-05,0.819685166147823,0.40399999999999997,0.03,0.72,,0.5640982863307379,0.00909476027317823,,,,,,,1.2425345585917e-15,,-0.1057,7.08578530407902e-17,0.068 ,0.0,,0.244490376410691,0.8809999999999999,,0.001,,,0.0,0.0032,,,0.000 ,,0.11800000000000001,0.375,0.002,,,0.000108019422149965,,,,,0.19184903950374801,2.4621076021400795e-63,0.000515989,8.355563802715627e-116,,0.48469836508536396,,7.145325957856191e-07,,,,,2.41435713565821e-06,0.0,,0.53,0.674936305666838,0.7724167191958821,2.6307149621928297e-53,0.9487349619341641,0.0518028157676556,2.1835255902729897e-09,
1.3425609182189002e-09,0.0008,,0.039,,,,0.348,1e-05,0.03792806586599,0.0,0.01,0.8270000000000001,,0.0957644316954733,1.1736439319833201e-14,,,,,,,0.24800322668988298,,0.52,3.8937276457080796e-45,0.001 ,0.0,,4.09839684650602e-06,0.0,,0.0,,,0.0,0.4749,,,0.008 ,,0.001,0.204,0.009000000000000001,,,,,,,,0.128818090391539,1.92490867014822e-38,0.9456882120000001,5.933924742868108e-119,,0.363860846570757,,9.399696848939439e-06,,,,,6.71000992596242e-12,0.0,,0.24,0.0005941430104103781,0.904723910173212,7.57906291002374e-09,1.24753353403478e-05,0.0204981405776915,0.30425400090580895,
4.235462039020379e-21,0.4875,,0.055,,,,0.0,1e-05,0.275365628108386,0.0,0.02,0.8270000000000001,,0.723108008661042,0.7577541872290451,,,,,,,0.00815662622763778,,-0.0294,1.36868324168179e-37,0.966 ,0.0,,0.9562997411643809,0.0,,0.0,,,0.0,,,,0.000 ,,0.161,0.032,0.0,,,,,,,,0.0768884278637162,5.83084211100321e-45,0.016411356999999998,4.3108328807348206e-11,,0.0781713139162625,,2.96880822411475e-35,,,,,1.48772222948475e-13,0.0,,0.11,0.4541360599030171,0.6608866348460201,0.0477719557758456,0.317656056842677,0.296988321009641,0.00313998280732105,
1.4249169138939997e-45,0.3407,,0.08,,,,0.001,,0.020383228155015,0.0,0.02,0.0,,0.0780342850007099,0.984117090506014,,,,,,,1.7303521862224496e-115,,0.47,1.7456631643530502e-44,,0.0,,0.0490555956595618,0.0,,0.0,,,0.585,,,,0.002 ,,0.002,0.162,0.026000000000000002,,,,,,,,0.00233094653774638,6.50100819854322e-30,5.66337e-05,3.82471198459437e-13,,0.151349449655425,,1.83385981123487e-57,,,,,6.036249735533951e-09,0.0,,0.2,0.209137593358373,2.18431249760434e-14,1.2517464099431598e-10,0.11539971985108198,0.0296050677323779,0.53596353947448,
1.9398449234907393e-167,0.0053,,0.073,,,,0.0,,0.5028664062498129,0.0,0.02,0.017,,0.574745403933164,0.402947046785041,,,,,,,0.873009247682644,,0.16,3.06957564442369e-44,,0.011000000000000001,,0.38275891658542,0.011000000000000001,,0.0,,,0.0,,,,0.866 ,,0.807,0.026000000000000002,0.001,,,,,,,,3.92431661929419e-05,1.4011608730946098e-46,0.047214995999999995,1.9525497866424297e-40,,0.251445606172393,,6.581824347550569e-24,,,,,0.0502281037547144,0.0,,0.03,3.54600388089656e-06,0.6111752676614339,1.09769590825661e-44,0.8210470381620791,0.00987845247391135,0.0039019670532522,
6.94189205638847e-63,0.0,,0.049,,,,0.032,,0.22917897744820603,0.0,0.02,0.711,,0.0976713891398481,0.315104690899351,,,,,,,0.0231017584047719,,0.0,4.2272794018395097e-44,,0.032,,0.18878160150485898,0.903,,0.003,,,0.0,,,,0.382 ,,0.113,0.063,0.381,,,,,,,,0.999920543288985,1.4472163679761397e-72,0.003595342,9.86125279943939e-36,,0.9442599567725181,,1.32611664805174e-10,,,,,0.0503444795336721,0.0,,0.18,8.16722327020078e-06,0.008374263067038791,0.568709709806802,0.22903043412153304,0.0646936762837707,0.0945186123598789,
5.242697603186819e-93,0.0122,,,,,,0.0,,0.231112033334489,0.0,0.01,0.7040000000000001,,0.17790578536531798,0.454124626724615,,,,,,,0.154365719963633,,0.0,5.1563687992550396e-09,,0.083,,0.0676190351804804,0.012,,0.0,,,0.0,,,,0.161 ,,0.0,0.027999999999999997,0.10800000000000001,,,,,,,,0.36125689498825103,7.997419774816459e-43,0.000305382,1.0851246753276497e-158,,0.28137511656075204,,1.29968769591156e-33,,,,,0.0624823986906623,0.0,,0.0,0.0236624761748585,8.42092110420697e-05,8.38560541304913e-23,0.8304359236620301,0.0621652447750677,0.0007079833539592059,
1.6522825116607902e-16,0.0784,,,,,,0.0,,0.0108446662769661,0.0,0.02,0.11800000000000001,,0.32740488507651805,1.0,,,,,,,2.34876359188058e-24,,0.43,1.5288872501504503e-17,,0.037000000000000005,,0.5955331184233621,0.0,,0.0,,,0.0,,,,0.730 ,,0.048,0.059000000000000004,0.0,,,,,,,,0.625920872508796,2.2199545400890696e-60,0.0544477079738363,5.4410510944969996e-34,,0.363860846570757,,1.7344098638497896e-22,,,,,0.00441578590064453,0.0,,0.0,3.25585644809846e-31,0.170664192165466,0.0,0.47646978122373,0.0140310637521755,0.64601590163273,
1.4537378985614198e-24,0.0104,,,,,,0.0,,0.4396694643362629,0.0,0.03,0.894,,0.46552543025636406,,,,,,,,3.72523180291592e-21,,0.27,,,0.001,,1.30711264819095e-09,0.0,,0.0,,,0.0,,,,0.000 ,,0.225,0.457,0.0,,,,,,,,0.5441652705122539,5.2237489337488995e-48,0.0398249408603119,1.2444761138114599e-25,,0.00034293847541597996,,1.03040326039986e-11,,,,,0.00145879784627076,0.0,,0.03,3.84692823118244e-16,0.0702289063276588,6.218420379451598e-43,0.00134526058691721,0.00165341868091585,1.51329872157307e-12,
2.5026188460895997e-21,0.1577,,,,,,0.0,,0.432671982237449,0.0,0.0,0.919,,0.15848933692424802,,,,,,,,0.008900267563868441,,-0.0046,,,0.001,,0.32804459462771995,0.0,,0.22899999999999998,,,0.0,,,,0.017 ,,0.0,0.597,0.231,,,,,,,,0.385603135525916,2.925684187199389e-49,0.0973954265974742,5.7957875908256084e-185,,0.904597330514007,,0.000311883627947014,,,,,0.00191205782839287,0.001,,0.0,2.8699056663062397e-21,0.248810856612252,6.31127118644428e-08,0.127861797398487,0.0165378106491473,0.000401283436369249,
1.11155276496797e-18,,,,,,,0.0,,0.0114277691717508,0.0,0.0,0.0,,0.771404934765428,,,,,,,,0.9493102243685358,,0.0,,,,,0.0109861713035043,0.0,,0.0,,,0.0,,,,0.041 ,,0.889,0.287,0.40399999999999997,,,,,,,,0.0312246290998202,1.36384670726227e-66,0.0693276913316789,5.21908401555261e-47,,0.0628687318969401,,1.6278811105835701e-12,,,,,1.12332437014188e-11,0.005,,0.0,2.47738709722641e-06,0.8968275680217859,0.0588301958315012,0.0982600594988685,0.0341316087940308,0.0066996609338552,
1.3541709723426896e-108,,,,,,,0.0,,0.98660764300314,0.0,0.02,0.695,,0.0450367390423701,,,,,,,,1.4852140302440098e-122,,0.01,,,,,0.721738958793515,0.11900000000000001,,0.0,,,0.0,,,,0.000 ,,0.0,0.046,0.004,,,,,,,,0.00786484628622565,1.0552245467665598e-45,0.610659366216541,4.60835554554667e-19,,0.589766497871994,,0.00764795626566413,,,,,2.61973427133724e-10,0.0,,0.03,5.3302940475746403e-14,0.287195190063247,5.6468112287308205e-08,0.667761956738583,0.014935437776216,1.13996174720431e-06,
0.0,,,,,,,0.0,,2.61422161230291e-119,0.0,0.04,0.0,,0.650823133112961,,,,,,,,8.74396847598274e-19,,0.37,,,,,0.000503429671103753,0.0,,0.0,,,0.0,,,,0.006 ,,0.08199999999999999,0.147,0.0,,,,,,,,0.591195751264213,2.13337518818589e-49,0.33331295881789097,2.0521452277651096e-98,,0.653172413623566,,1.3839885360361499e-18,,,,,3.31817201739514e-10,0.10099999999999999,,0.03,4.14120267051227e-09,0.36501069834094,3.9050332830940295e-24,3.20791804908783e-05,0.00044601308204785195,0.667658588575648,
1.11521789754737e-24,,,,,,,0.0,,0.316590026624629,0.0,0.02,0.063,,0.0286401232156233,,,,,,,,0.0215564539386702,,0.0,,,,,0.0552194727307447,0.0,,0.0,,,0.0,,,,0.869 ,,0.003,0.019,0.98,,,,,,,,8.733647837369189e-14,9.285703383426559e-15,0.569369250536037,2.4958154800960997e-96,,0.0781713139162625,,3.43181391769378e-30,,,,,0.000422100734867444,0.004,,0.03,2.6927511742127097e-08,0.296249034274431,0.45329881447837106,0.4049410092755739,0.13219122494153498,0.53596353947448,
5.40314628445148e-43,,,,,,,0.0,,0.9015808756468541,0.0,0.01,0.004,,0.690992321776143,,,,,,,,0.0813354294811143,,0.06,,,,,0.8881063637424821,0.0,,0.0,,,0.0,,,,0.030 ,,0.31,0.18600000000000003,0.0,,,,,,,,0.27572601627744703,5.423447392309639e-57,0.318616688635125,1.20385385949788e-06,,0.23932884382609199,,2.6495022729623e-25,,,,,0.000124457843140386,0.0,,0.03,1.16893060433426e-39,0.16164243364231798,2.39066194275225e-13,0.258077465084581,0.0754814672866954,0.151430869492852,
1.7616043404061099e-28,,,,,,,0.0,,0.0339894156509754,0.0,0.02,0.08900000000000001,,0.00295858678715553,,,,,,,,8.313804006482671e-29,,0.01,,,,,0.24592667380381603,0.0,,0.0,,,0.585,,,,0.000 ,,0.0,0.285,0.09,,,,,,,,0.149506552971393,2.8419669371740504e-38,0.10972842751353801,0.155853538726091,,0.008658900209539659,,4.3134472291242595e-23,,,,,0.000280447800916237,0.04,,0.0,2.76314920920768e-28,0.0831856920975106,9.63258779085308e-11,0.703393146664979,0.000715618100800318,0.503630623724224,
1.0823644108334401e-29,,,,,,,0.0,,0.0898262550907695,0.0,0.01,0.10400000000000001,,0.658948694457866,,,,,,,,8.1139765047401795e-25,,0.54,,,,,2.94370118016823e-23,0.0,,0.0,,,0.0,,,,0.000 ,,0.0,0.139,0.218,,,,,,,,0.00566122499983167,4.98050070217365e-08,7.55593694239754e-05,0.0196965452868746,,0.00258165357013664,,3.5774237605367796e-13,,,,,0.743113553088472,0.044000000000000004,,0.0,7.713564821605e-29,1.33497584127925e-08,0.00482600691441565,0.0577216666896796,0.00147737670493258,3.39135550628895e-06,
1.6667593435977397e-86,,,,,,,0.0,,0.0611735766243562,0.0,0.01,,,0.182955719025946,,,,,,,,0.196148863118796,,-0.0888,,,,,0.0501060429927502,0.0,,0.0,,,0.0,,,,0.476 ,,0.0,0.021,0.0,,,,,,,,0.0018939124544499,1.0631363760146199e-18,0.147171490854457,0.028892304584509,,0.0303639451654931,,1.0120954266668402e-39,,,,,0.883219146399342,0.035,,0.04,8.87143758616263e-16,0.944333452560356,0.624160772021266,0.40468587628310204,0.00906047977001428,0.0602042936534901,
6.199503212068728e-143,,,,,,,0.0,,0.101099281141794,0.0,0.02,,,8.4807171137653e-12,,,,,,,,0.0272040185087103,,0.0,,,,,0.0329996246376659,0.0,,0.0,,,0.0,,,,0.423 ,,0.489,0.034,0.001,,,,,,,,2.5744309258113502e-05,3.3894430759780995e-15,8.4577263897054e-05,1.3551166152811197e-41,,4.31815965944161e-10,,1.26303181614219e-59,,,,,0.8611837995810909,0.002,,0.04,2.42213600524666e-25,0.639378380964109,0.0028998275998342302,0.502269135588096,0.00237648674014883,0.0888166989415904,
1.1538073586695097e-53,,,,,,,0.0,,0.7804248395290101,0.0,0.0,,,0.9251726721987049,,,,,,,,1.5037652472113694e-239,,0.0,,,,,0.957024962050952,0.129,,0.0,,,0.0,,,,0.021 ,,0.0,0.027000000000000003,0.013999999999999999,,,,,,,,6.908133216513169e-12,7.46035507419173e-16,0.11130492316892199,0.0020450349042773,,0.0135463330058145,,1.11078852717811e-90,,,,,0.00177166103863121,1.784,,0.04,3.2281302484222e-18,0.000588893158996461,3.2269851166528595e-28,0.12368759475980699,0.0283380065754622,0.00334241380113812,
2.1368421505251294e-83,,,,,,,0.0,,0.35365360817821795,0.0,0.0,,,0.5197906225702629,,,,,,,,0.182955045035858,,0.11,,,,,0.9205111993156699,0.0,,0.012,,,0.0,,,,0.015 ,,0.09300000000000001,0.040999999999999995,0.003,,,,,,,,0.511779563081537,2.5369659592668794e-52,5.27231801124686e-05,0.33713806168822497,,0.0457045313359879,,0.0318713300845979,,,,,0.744624908795751,0.0,,0.04,1.47958257187892e-20,6.25416786582061e-05,0.0629588770796501,0.594449708650062,0.0133556318919785,0.026191311944252,
8.602391226882559e-23,,,,,,,0.0,,0.0374179258992731,0.0039,0.0,,,0.360145120599703,,,,,,,,0.0459742610335271,,0.01,,,,,0.0959497091943514,0.0,,0.0,,,0.23199999999999998,,,,0.363 ,,0.0,0.018000000000000002,0.006,,,,,,,,0.0316692474725769,1.9478150756914197e-20,0.0747413109166947,3.39212869901973e-27,,0.0311237837551674,,2.2972525124910603e-05,,,,,0.81357476911996,0.021,,0.0,0.41890287092795797,9.24896717064853e-18,2.4176219401869798e-12,0.0488916728421081,0.0842446096720625,0.00414886171355421,
2.8161604817938294e-124,,,,,,,0.0,,0.195007207125673,0.0,0.0,,,0.504062557873367,,,,,,,,0.00281776289344908,,0.0,,,,,0.0232933021564065,0.0,,0.0,,,0.0,,,,0.445 ,,0.032,0.022000000000000002,0.0,,,,,,,,0.22723855148802602,1.23138790931498e-23,5.06782790117728e-06,1.0684711727372698e-88,,0.92043927367898,,3.5330027948649393e-60,,,,,0.0052728681402533,0.0,,0.0,9.6368343568952e-05,0.000352746636785359,0.0,0.32263290029340397,0.0707142278686046,1.7592975348423802e-05,
6.149275814822148e-82,,,,,,,0.0,,0.7555963997003001,0.0217,0.0,,,0.0640703568248536,,,,,,,,1.80213314206187e-20,,0.03,,,,,0.270938895561737,0.0,,0.002,,,0.0,,,,0.036 ,,0.0,0.132,0.0,,,,,,,,0.000780212840770918,1.43210848569121e-19,0.339791669336883,,,,,0.0,,,,,0.9069291342943578,0.002,,0.05,0.44220842110785996,0.12917402474719197,2.3062451885191e-26,3.34154707008164e-05,0.0619393814817328,0.6317519292009971,
3.7497004331360295e-33,,,,,,,0.0,,0.0476002065280207,0.0,0.0,,,0.152313268274728,,,,,,,,2.83319871656025e-34,,0.38,,,,,0.988870975757895,0.004,,0.0,,,0.0,,,,0.305 ,,0.92,0.142,0.972,,,,,,,,0.904884069200957,2.5021396432822696e-29,2.68601764767772e-09,,,,,2.0332547050094097e-20,,,,,0.8580443194599541,0.0,,0.05,0.294985211160747,0.000306971813661535,3.61542045227495e-29,0.00783771064064903,0.00020967450571143602,0.23940181998211604,
1.5144143646598198e-33,,,,,,,0.0,,0.21153989904987303,0.0024,0.0,,,0.49516147374743896,,,,,,,,0.16110077721947,,0.0,,,,,0.9562997411643809,0.585,,0.003,,,0.0,,,,0.518 ,,0.0,0.153,0.03,,,,,,,,0.625920872508796,3.7786662411870997e-48,0.640157560844769,,,,,0.0245036602470958,,,,,0.046512842857634004,0.0,,0.05,2.0799598494930602e-05,0.41986350693596997,0.8181035304340459,0.0799992739125601,0.0456330786476352,0.00402368269658571,
7.733389544109809e-52,,,,,,,0.0,,0.672206772464727,0.1669,0.0,,,0.80044414067386,,,,,,,,0.258642452463135,,0.01,,,,,0.0195271635492095,0.0,,0.0,,,0.0,,,,0.308 ,,0.0,0.126,0.0,,,,,,,,0.537605446325365,9.285703383426559e-15,1.58890695459987e-08,,,,,0.0513058760584518,,,,,4.90308919604052e-05,0.0,,0.04,0.00731266022576848,3.27178599709753e-06,0.0,0.392078168583484,0.00995230213856723,0.0388000276094617,
4.60573007978472e-13,,,,,,,0.0,,4.05755875859786e-05,0.0018,0.0,,,0.0155075762318574,,,,,,,,1.1862642655343496e-89,,0.47,,,,,0.617989055959062,0.0,,0.0,,,0.655,,,,0.557 ,,0.0,0.071,0.17800000000000002,,,,,,,,0.7275643495771659,1.6706530486291795e-98,1.32642432540899e-05,,,,,0.0418077549342958,,,,,0.000248527494037175,0.371,,0.0,0.106807941206134,1.30898208547992e-06,4.71157183578016e-09,0.000767600998548271,0.029554622564748,8.57092165350619e-05,
2.3476918140976298e-14,,,,,,,0.0,,0.550985136836879,,0.0,,,0.5802990755659351,,,,,,,,7.873218579469141e-14,,0.07,,,,,0.0094539982785946,0.0,,0.544,,,0.0,,,,0.000 ,,0.489,0.113,0.001,,,,,,,,0.250643952501593,1.3660642967156697e-54,3.21102892837645e-25,,,,,0.836376701434958,,,,,0.771993018592751,0.024,,0.0,0.40752840177964395,9.06599873722975e-05,0.0019486634566946899,0.956541323057213,0.0293071281163741,0.682244779476058,
5.88456879368477e-48,,,,,,,0.0,,0.0576552702003794,,0.0,,,0.0886115571884234,,,,,,,,0.000474747617587136,,0.0,,,,,0.00121926145354326,0.0,,0.0,,,0.0,,,,0.097 ,,0.054000000000000006,0.033,0.002,,,,,,,,0.21254816319131897,0.0140457891240772,0.000688196762227408,,,,,0.00538996406565195,,,,,0.6020102317589089,0.514,,0.06,0.0397370393711346,0.0007444233419120769,0.0,0.0159030857561593,0.0501589954439695,2.5494021162179796e-46,
6.03604646422352e-26,,,,,,,0.0,,0.23978760168151897,,0.04,,,,,,,,,,,1.21789243299072e-06,,0.27,,,,,0.008234878665552909,0.11900000000000001,,0.003,,,0.0,,,,0.986 ,,0.09300000000000001,0.027999999999999997,0.0,,,,,,,,0.0722186512804569,1.24045888421985e-05,6.70507174228901e-24,,,,,3.47804708797202e-07,,,,,0.7468937937561451,0.006,,0.06,0.510013180020559,0.000329104125686725,2.9380515790384597e-36,0.11679912946377,0.0541635179288057,0.667658588575648,
1.57885285982063e-16,,,,,,,0.0,,0.9256601961157229,,0.0,,,,,,,,,,,2.4652073057922797e-18,,0.07,,,,,0.0264456423484278,0.23199999999999998,,0.0,,,0.0,,,,0.737 ,,0.0,0.042,0.033,,,,,,,,0.9285869837852899,1.38770081166949e-47,0.0272977058883855,,,,,0.000151686670312076,,,,,7.40780363736479e-05,0.069,,0.07,0.9601722868732672,4.91468421126151e-07,7.45208763172224e-08,0.5813749352484661,0.0145920292088517,0.436312974255405,
0.0,,,,,,,0.0,,6.055870752079389e-41,,0.0,,,,,,,,,,,4.14191963262102e-19,,0.01,,,,,3.03761505056242e-28,0.0,,0.9259999999999999,,,0.004,,,,0.008 ,,0.032,0.057999999999999996,0.684,,,,,,,,0.426866916025434,9.901688984594129e-17,0.0008759969550073151,,,,,0.0009458412583828231,,,,,0.00522507710485029,0.479,,0.03,0.16009291637113002,1.8883081225275102e-07,0.0198556520374012,0.0498194882228248,0.00284957277729611,0.0964836703280928,
0.0,,,,,,,0.0,,0.6331163505694991,,0.0,,,,,,,,,,,0.837713115632264,,0.44,,,,,0.05944061737420701,0.0,,0.001,,,0.23199999999999998,,,,0.091 ,,0.0,0.018000000000000002,0.447,,,,,,,,0.9523550379853291,2.2882792555006093e-68,0.052681742703501,,,,,0.008467578231745591,,,,,0.0106553992442177,0.0,,0.0,0.031185500584702004,1.61494162006762e-06,1.1992428955691699e-40,0.29004538220857695,0.00531514667905486,0.000258778205654259,
5.90142357492452e-41,,,,,,,0.0,,0.7202409443453391,,0.0,,,,,,,,,,,0.8678269728281299,,0.23,,,,,0.0991200972904644,0.0,,0.001,,,0.0,,,,0.903 ,,0.92,0.019,0.151,,,,,,,,0.22349814293263398,9.99426786133698e-37,0.00419719188159843,,,,,0.901357427877092,,,,,0.8361337732766079,0.0,,0.0,0.413192280956424,0.000795524683900172,3.9442464734067096e-22,5.0411583277108005e-05,0.0030020668694388,0.104675388233003,
5.18634327073842e-57,,,,,,,0.0,,0.934825473779236,,0.0,,,,,,,,,,,1.4177907954703297e-74,,0.09,,,,,0.35514716089758597,0.0,,0.001,,,0.0,,,,0.265 ,,0.0,0.001,0.0,,,,,,,,0.13376352907664,1.5796240130408195e-74,0.12010553901645901,,,,,0.542941325384963,,,,,0.46650351709524296,0.0,,0.04,7.95776585731982e-23,0.000352746636785359,1.7940801868603903e-46,0.00783771064064903,0.0172676486203514,6.51607836344862e-07,
4.02303623384665e-17,,,,,,,0.0,,0.452556772071694,,0.0,,,,,,,,,,,5.88514943744809e-11,,0.16,,,,,0.0550575217068597,0.001,,0.0,,,0.0,,,,0.984 ,,0.0,0.001,0.059000000000000004,,,,,,,,0.0281285931682153,5.854736763928849e-55,8.38425080930722e-26,,,,,0.6848381166635451,,,,,0.47590232515534997,0.043,,0.04,2.6814166188781697e-34,0.0218158769169256,3.5581803181027703e-11,0.0648076628759781,0.0664938860212067,0.17854184209735602,
9.070210665513747e-134,,,,,,,0.0,,0.7017581007343558,,0.0,,,,,,,,,,,0.48967230918621,,0.1,,,,,0.0297559315081703,0.0,,0.0,,,0.0,,,,0.818 ,,0.02,0.001,0.628,,,,,,,,0.11709064044856801,3.8874729490376e-33,0.46611724192255294,,,,,0.934337381227837,,,,,0.00177166103863121,0.0,,0.04,7.16147441926029e-40,8.21552127517693e-07,0.0143281859830481,0.389905737416839,0.0933943499771645,0.00512964219261755,
2.2779812105627597e-77,,,,,,,0.0,,0.00063479266863325,,0.0,,,,,,,,,,,0.367661996939081,,0.41,,,,,0.0872712680794375,0.0,,0.069,,,0.004,,,,0.000 ,,0.475,0.001,0.9109999999999999,,,,,,,,0.0399417643863948,1.46033688480898e-41,0.00505751054783528,,,,,0.227465896031334,,,,,0.744624908795751,0.204,,0.05,1.70456929143318e-22,2.52929763382543e-25,2.6307149621928297e-53,0.0005298712399219139,0.185870295071863,0.268331824361322,
1.53576164096542e-28,,,,,,,0.0,,0.6106197689140871,,0.0,,,,,,,,,,,1.04530007255391e-05,,0.56,,,,,1.38430390803929e-10,0.0,,0.001,,,0.0,,,,0.620 ,,0.0,0.001,0.24,,,,,,,,0.20200053358063397,3.32020342215192e-32,,,,,,0.24865793918190196,,,,,0.81357476911996,0.504,,0.0,3.4956327506300395e-31,0.15299076454259197,6.218311236698419e-10,0.9387658183873909,0.0155164211705621,0.734213337284241,
1.01671503606078e-18,,,,,,,0.0,,0.8746469230133259,,0.0,,,,,,,,,,,1.20703176147999e-07,,0.14,,,,,0.0461668584692485,0.0,,0.0,,,0.0,,,,0.000 ,,0.292,0.001,0.723,,,,,,,,0.0147883255071609,3.09009407933914e-34,,,,,,0.17436564590418696,,,,,,0.054000000000000006,,0.0,,,0.0524498901373722,0.0055563802302926,0.000605279224000842,0.348351461314491,
0.0,,,,,,,0.0,,0.19274139728091602,,0.0,,,,,,,,,,,0.00151465078591491,,-0.0379,,,,,0.7439194692470409,0.011000000000000001,,0.0,,,0.0,,,,0.006 ,,0.95,0.193,0.636,,,,,,,,,3.2922135229316393e-71,,,,,,0.27703075783194897,,,,,,0.092,,0.06,,,7.24016278332217e-17,0.10410275531971,0.0171090305567937,4.14120267051227e-09,
1.7596617872281398e-154,,,,,,,0.0,,2.49181234709247e-06,,0.71,,,,,,,,,,,0.841647851927814,,0.05,,,,,0.00027883828440676203,0.0,,0.039,,,0.0,,,,0.021 ,,0.004,0.17600000000000002,0.086,,,,,,,,,1.1327438947923697e-35,,,,,,0.32530861542603007,,,,,,0.792,,0.06,,,4.25213700820619e-44,0.5969298152748249,0.0282753633472635,0.010017888169646,
1.7480442676436902e-06,,,,,,,0.0,,0.24838467082538396,,0.61,,,,,,,,,,,5.5731002770969985e-101,,0.35,,,,,1.22822844480752e-13,0.527,,0.011000000000000001,,,0.0,,,,0.048 ,,0.0,0.139,0.0,,,,,,,,,1.0552245467665598e-45,,,,,,0.741201247521684,,,,,,0.0,,0.05,,,0.515729548474028,0.0384089499923159,0.0172676486203514,0.6969515658933609,
1.07731991529058e-25,,,,,,,0.0,,0.268069293245488,,0.39,,,,,,,,,,,0.8677709340358319,,0.58,,,,,0.000337887523567932,0.0,,0.0,,,0.0,,,,0.470 ,,0.40700000000000003,0.155,0.009000000000000001,,,,,,,,,2.7924861850599796e-39,,,,,,0.164478503290124,,,,,,0.0,,0.05,,,1.0850212974362198e-28,0.278899162693008,0.0664938860212067,0.0869793047169129,
5.72202376463843e-14,,,,,,,0.0,,3.2238198205062996e-10,,0.0,,,,,,,,,,,0.000182952710569575,,0.51,,,,,1.19136085653048e-05,0.0,,0.12,,,0.336,,,,0.059 ,,0.731,0.261,0.05,,,,,,,,,4.01576007355937e-49,,,,,,0.43000040978420795,,,,,,0.0,,0.0,,,0.0,8.52240327123621e-06,0.0933943499771645,5.5451086244945e-05,
2.12197756500611e-14,,,,,,,0.0,,0.00351420630900826,,0.14,,,,,,,,,,,2.50182281685252e-07,,0.93,,,,,0.0100786076764838,0.0,,0.011000000000000001,,,0.0,,,,0.069 ,,0.04,0.22899999999999998,0.002,,,,,,,,,7.62896111683558e-65,,,,,,0.411242639390898,,,,,,0.0,,0.0,,,4.25213700820619e-44,0.0458861739957811,0.185870295071863,7.82118091714399e-06,
6.2206650232947885e-56,,,,,,,0.551,,0.554860047657214,,0.0,,,,,,,,,,,,,0.02,,,,,0.0872020749493097,0.011000000000000001,,0.012,,,0.0,,,,0.324 ,,0.129,0.001,0.0,,,,,,,,,2.54107077549993e-33,,,,,,0.5682957457143499,,,,,,0.001,,0.07,,,3.706392666697e-09,0.0147607678204728,0.0155164211705621,3.9579341361572797e-17,
1.4748407381526198e-81,,,,,,,0.0,,0.81479401129261,,0.0,,,,,,,,,,,,,0.0,,,,,0.0037062674795182798,0.0,,0.09699999999999999,,,0.0,,,,0.000 ,,0.778,0.001,0.0,,,,,,,,,2.218665808919849e-99,,,,,,0.804291409080575,,,,,,0.0,,0.07,,,0.0892086681040035,0.58442934086843,0.000605279224000842,0.0672502363036605,
4.788647810648309e-97,,,,,,,0.0,,0.822471932658283,,0.15,,,,,,,,,,,,,0.0,,,,,9.36618456456308e-08,0.0,,0.003,,,0.0,,,,0.130 ,,0.067,0.001,0.002,,,,,,,,,7.228062707472259e-48,,,,,,0.0439936365504682,,,,,,0.0,,0.07,,,1.28664024012025e-11,0.0211708840396048,0.0171090305567937,0.0118450573566645,
8.975319541710049e-18,,,,,,,0.0,,0.0037933473286190797,,0.0,,,,,,,,,,,,,0.0,,,,,0.0065941662360989,0.0,,0.0,,,0.11900000000000001,,,,0.000 ,,0.11800000000000001,0.001,0.0,,,,,,,,,2.4501734135038e-06,,,,,,0.119330520377059,,,,,,0.0,,0.04,,,1.4249988750100401e-24,0.550113559206977,0.0282753633472635,0.33321809045780104,
9.047748070017919e-19,,,,,,,0.0,,0.984383117244457,,0.0,,,,,,,,,,,,,0.24,,,,,5.29314462612389e-15,0.087,,0.677,,,0.0,,,,0.018 ,,0.001,0.001,0.142,,,,,,,,,8.42092110420697e-05,,,,,,0.12175863523983,,,,,,0.0,,0.0,,,0.624160772021266,0.0221409881755564,,0.216428262606234,
2.0794843149674097e-51,,,,,,,0.0,,4.1895974755690695e-47,,0.0,,,,,,,,,,,,,0.36,,,,,3.74621098180555e-08,0.0,,0.114,,,0.0,,,,0.164 ,,0.161,0.001,0.6459999999999999,,,,,,,,,8.895826408781439e-122,,,,,,0.843317767566587,,,,,,0.0,,0.0,,,1.2283026380836901e-17,0.16563598983716502,,0.00182264916989306,
2.4186883971120496e-63,,,,,,,0.0,,0.0240683211678997,,0.0,,,,,,,,,,,,,-0.0019,,,,,3.72360580819525e-07,0.0,,0.03,,,0.0,,,,0.000 ,,0.002,0.127,0.738,,,,,,,,,4.789555348567739e-56,,,,,,0.0006031439587260531,,,,,,0.121,,0.04,,,9.63789726158767e-10,0.6930551382956031,,0.0039019670532522,
4.447894709387599e-83,,,,,,,0.0,,0.569985849255877,,0.0,,,,,,,,,,,,,-0.0108,,,,,8.760740125252141e-09,0.0,,0.0,,,0.0,,,,0.000 ,,0.807,0.11599999999999999,0.185,,,,,,,,,0.9205445310958509,,,,,,1.5412300946425e-06,,,,,,0.005,,0.04,,,0.00882620805694863,0.0293175320484494,,0.9283772811887421,
1.14545902781306e-08,,,,,,,,,1.28355591102324e-07,,0.0,,,,,,,,,,,,,0.01,,,,,0.552963808595209,0.0,,0.0,,,0.0,,,,0.063 ,,0.8590000000000001,0.139,0.0,,,,,,,,,1.2961053865082998e-62,,,,,,0.00120760373239114,,,,,,0.0,,0.04,,,0.8258823812398071,0.496650674653809,,4.72267391441354e-05,
5.70055848326508e-31,,,,,,,,,0.00994577645450611,,0.0,,,,,,,,,,,,,0.33,,,,,0.0141052186224109,0.36700000000000005,,0.096,,,0.11900000000000001,,,,0.004 ,,0.0,0.124,0.0,,,,,,,,,1.8053942178797696e-53,,,,,,0.00472617486932221,,,,,,0.0,,0.07,,,7.672808653642709e-06,0.0032621599337585697,,0.0289523092073288,
5.204316722833399e-28,,,,,,,,,0.0542322272989013,,0.0,,,,,,,,,,,,,0.0,,,,,0.00955040378764735,0.544,,0.003,,,0.49,,,,0.000 ,,0.03,0.14300000000000002,0.13,,,,,,,,,3.036350161656599e-77,,,,,,0.0123009116168049,,,,,,0.0,,0.0,,,2.3062451885191e-26,0.0805564542811174,,0.00650591301074694,
2.1383308671404097e-12,,,,,,,,,0.23931616700977199,,0.0,,,,,,,,,,,,,0.0,,,,,0.0414636713395636,0.0,,0.748,,,0.0,,,,,,0.478,0.11900000000000001,0.006,,,,,,,,,3.60864257025045e-17,,,,,,0.9561973293807541,,,,,,,,0.0,,,0.0855097912077138,0.0699617411592362,,0.00236108525944284,
6.134125870937808e-59,,,,,,,,,0.97581623810094,,0.0,,,,,,,,,,,,,0.0673,,,,,4.68662062470344e-37,0.0,,0.0,,,0.0,,,,,,0.013999999999999999,0.001,0.0,,,,,,,,,0.27397312614589897,,,,,,0.599150154989052,,,,,,,,0.04,,,3.32708927618123e-11,0.540029837980695,,6.829402511021621e-07,
2.04053446969732e-34,,,,,,,,,2.70082402306058e-05,,0.0,,,,,,,,,,,,,0.0,,,,,0.007605472112812641,0.0,,0.696,,,0.0,,,,,,0.8440000000000001,0.001,0.83,,,,,,,,,0.00069642771735627,,,,,,0.6790233505902951,,,,,,,,0.04,,,0.0,0.007633893728863291,,0.0562806724501406,
1.9470875213430998e-22,,,,,,,,,1.74195349053136e-25,,0.0,,,,,,,,,,,,,-0.0172,,,,,0.0971298895366363,0.0,,0.0,,,0.0,,,,,,0.006,0.001,0.003,,,,,,,,,8.32845269177542e-06,,,,,,0.9907057082615791,,,,,,,,0.05,,,1.09769590825661e-44,0.849783866609516,,0.0765942647096491,
8.39047215521642e-20,,,,,,,,,0.7061206800207941,,0.0,,,,,,,,,,,,,0.0,,,,,0.116248214049387,0.0,,0.9570000000000001,,,0.013999999999999999,,,,,,0.39799999999999996,0.001,0.42100000000000004,,,,,,,,,2.71096749752666e-05,,,,,,0.321174022702327,,,,,,,,,,,5.98026628122046e-09,0.0300460558566047,,0.810576061279489,
6.294187214092629e-58,,,,,,,,,0.0005489348731927059,,0.0,,,,,,,,,,,,,0.0,,,,,0.00016092204489191002,0.0,,0.001,,,0.02,,,,,,0.013000000000000001,0.001,0.861,,,,,,,,,0.00184194251588304,,,,,,0.41904535692807793,,,,,,,,,,,0.0147303979969646,,,5.14738277996155e-07,
1.3425609182189002e-09,,,,,,,,,0.66422881332101,,0.0,,,,,,,,,,,,,0.02,,,,,0.0985275164079665,0.655,,0.028999999999999998,,,0.02,,,,,,0.294,0.003,0.0,,,,,,,,,0.00613424171836479,,,,,,0.310334736299763,,,,,,,,,,,0.0,,,0.0013094814124166901,
4.235462039020379e-21,,,,,,,,,0.145585691093021,,0.0,,,,,,,,,,,,,0.06,,,,,0.656295574603264,0.0,,0.608,,,0.0,,,,,,0.15,0.046,0.634,,,,,,,,,9.99426786133698e-37,,,,,,0.298171748605079,,,,,,,,,,,,,,6.4642883872272796e-28,
1.4249169138939997e-45,,,,,,,,,0.31795533276705396,,0.0,,,,,,,,,,,,,0.12,,,,,2.04499456174175e-14,0.002,,0.925,,,0.0,,,,,,0.009000000000000001,0.049,0.188,,,,,,,,,1.99006623549757e-09,,,,,,0.5384002620917461,,,,,,,,,,,,,,0.7644887301893281,
1.9398449234907393e-167,,,,,,,,,0.00288016298177096,,0.0,,,,,,,,,,,,,0.09,,,,,0.8993151979562509,0.0,,0.01,,,0.0,,,,,,0.24100000000000002,0.046,0.39399999999999996,,,,,,,,,8.63900046252541e-76,,,,,,0.734297944730838,,,,,,,,,,,,,,6.760930738682418e-75,
6.94189205638847e-63,,,,,,,,,0.7281659516651359,,0.0,,,,,,,,,,,,,0.25,,,,,0.00346645204289431,0.0,,0.08199999999999999,,,0.225,,,,,,0.18,0.038,0.046,,,,,,,,,4.26887070286182e-25,,,,,,0.211911940548966,,,,,,,,,,,,,,0.299595517380773,
5.242697603186819e-93,,,,,,,,,0.0662491267124898,,0.1,,,,,,,,,,,,,0.09,,,,,0.246485301774958,0.0,,0.028999999999999998,,,0.0,,,,,,0.009000000000000001,0.037000000000000005,0.9520000000000001,,,,,,,,,3.70096845374319e-06,,,,,,0.46120076178872793,,,,,,,,,,,,,,0.0036685862827363,
1.6522825116607902e-16,,,,,,,,,0.5114921706548561,,0.0,,,,,,,,,,,,,-0.0167,,,,,1.6831727624460498e-23,0.0,,0.013000000000000001,,,0.79,,,,,,0.774,0.032,0.053,,,,,,,,,2.9341787587530296e-45,,,,,,0.419573437266871,,,,,,,,,,,,,,0.0799365230172418,
1.4537378985614198e-24,,,,,,,,,0.846376737864072,,0.0,,,,,,,,,,,,,0.0057,,,,,0.0062869678332413,0.336,,0.218,,,0.0,,,,,,0.149,0.006999999999999999,0.41700000000000004,,,,,,,,,3.3894430759780995e-15,,,,,,0.5506771757353771,,,,,,,,,,,,,,8.320696277358051e-16,
2.5026188460895997e-21,,,,,,,,,0.10457653947274902,,0.0,,,,,,,,,,,,,0.32,,,,,0.37767103387797296,0.0,,0.011000000000000001,,,0.0,,,,,,0.09699999999999999,0.008,0.013000000000000001,,,,,,,,,1.21523860167895e-07,,,,,,0.852987156194765,,,,,,,,,,,,,,3.0470224913448895e-07,
1.11155276496797e-18,,,,,,,,,0.8904455623930909,,0.0,,,,,,,,,,,,,0.04,,,,,5.13009494895928e-05,0.0,,0.0,,,0.0,,,,,,0.8290000000000001,0.14400000000000002,0.0,,,,,,,,,0.23297456721824103,,,,,,,,,,,,,,,,,,,,0.0702539245781678,
1.3541709723426896e-108,,,,,,,,,4.4056976721209e-07,,0.0,,,,,,,,,,,,,0.13,,,,,0.0193321858645117,0.0,,0.0,,,0.893,,,,,,0.965,0.12300000000000001,0.139,,,,,,,,,7.79310847501898e-08,,,,,,,,,,,,,,,,,,,,0.16009291637113002,
0.0,,,,,,,,,1.73311554288013e-05,,0.0,,,,,,,,,,,,,0.06,,,,,0.0125947837087098,0.0,,0.07400000000000001,,,0.0,,,,,,0.102,0.19699999999999998,0.0,,,,,,,,,1.3161419786450302e-17,,,,,,,,,,,,,,,,,,,,0.348351461314491,
1.11521789754737e-24,,,,,,,,,0.181372046577936,,0.0,,,,,,,,,,,,,0.0,,,,,0.976154929820557,0.013999999999999999,,0.001,,,0.129,,,,,,0.0,0.156,0.0,,,,,,,,,2.65723992637207e-11,,,,,,,,,,,,,,,,,,,,0.33321809045780104,
5.40314628445148e-43,,,,,,,,,0.0517798056839767,,0.0,,,,,,,,,,,,,0.0,,,,,0.00343629799682762,0.02,,0.001,,,0.0,,,,,,0.777,0.115,0.0,,,,,,,,,6.9268369890672e-07,,,,,,,,,,,,,,,,,,,,2.35650323020545e-05,
1.7616043404061099e-28,,,,,,,,,0.41062618395434297,,0.0,,,,,,,,,,,,,0.0,,,,,2.2391727708075398e-23,0.02,,0.0,,,0.0,,,,,,0.895,0.157,0.0,,,,,,,,,0.0748758978670466,,,,,,,,,,,,,,,,,,,,0.00022303032840516402,
1.1807957072017399e-35,,,,,,,,,0.944887378158707,,0.0,,,,,,,,,,,,,0.54,,,,,0.0147984020725213,0.0,,0.667,,,0.0,,,,,,0.24100000000000002,0.04,0.001,,,,,,,,,6.65842986138509e-44,,,,,,,,,,,,,,,,,,,,0.833881446260616,
5.873800774714129e-73,,,,,,,,,0.25405369659764604,,0.0,,,,,,,,,,,,,0.0,,,,,4.713783357186489e-09,0.986,,0.715,,,0.0,,,,,,0.7829999999999999,,0.0,,,,,,,,,1.5360770514750497e-14,,,,,,,,,,,,,,,,,,,,1.83469695035698e-05,
8.333431885962756e-199,,,,,,,,,1.6818105983533898e-43,,0.04,,,,,,,,,,,,,0.0,,,,,1.14681063034604e-09,0.0,,0.0,,,0.0,,,,,,0.091,,0.0,,,,,,,,,4.50882661323697e-07,,,,,,,,,,,,,,,,,,,,0.007975922673887621,
3.70749232599376e-37,,,,,,,,,0.287676023087633,,0.0,,,,,,,,,,,,,0.01,,,,,2.0790455114245798e-22,0.0,,0.009000000000000001,,,0.0,,,,,,0.474,,0.024,,,,,,,,,0.0107337833947389,,,,,,,,,,,,,,,,,,,,0.255649697772113,
5.6571414592934385e-117,,,,,,,,,0.8710268797898421,,0.0,,,,,,,,,,,,,0.0,,,,,0.38115042694328494,0.011000000000000001,,0.512,,,0.0,,,,,,0.043,,0.054000000000000006,,,,,,,,,4.503091887980821e-16,,,,,,,,,,,,,,,,,,,,1.6687406227536696e-30,
6.1932914828746e-20,,,,,,,,,0.000469502227170666,,0.0,,,,,,,,,,,,,0.08,,,,,0.0185908694619744,0.903,,0.0,,,0.0,,,,,,0.316,,0.0,,,,,,,,,2.65723992637207e-11,,,,,,,,,,,,,,,,,,,,0.896697081532679,
3.32615158966808e-74,,,,,,,,,0.000583222590304744,,0.0,,,,,,,,,,,,,0.07,,,,,0.00559794200936563,0.012,,0.003,,,0.0,,,,,,,,0.035,,,,,,,,,6.9268369890672e-07,,,,,,,,,,,,,,,,,,,,0.18834382108219602,
1.5893515708686296e-80,,,,,,,,,0.529439585012118,,0.0,,,,,,,,,,,,,0.0,,,,,0.287598520264424,0.0,,0.0,,,0.0,,,,,,,,0.001,,,,,,,,,0.27397312614589897,,,,,,,,,,,,,,,,,,,,0.0388000276094617,
2.01814321545099e-08,,,,,,,,,0.17714295195223,,0.0,,,,,,,,,,,,,0.0,,,,,0.162226737458857,0.0,,0.02,,,0.021,,,,,,,,0.065,,,,,,,,,0.27397312614589897,,,,,,,,,,,,,,,,,,,,0.00631725656358012,
2.0030952480611198e-29,,,,,,,,,0.0925974669994819,,0.0,,,,,,,,,,,,,0.01,,,,,0.0433467341579803,0.0,,,,,0.001,,,,,,,,0.0,,,,,,,,,6.21692319306899e-38,,,,,,,,,,,,,,,,,,,,7.792378448420401e-09,
4.90454277987779e-46,,,,,,,,,0.47563308238178403,,0.0,,,,,,,,,,,,,0.06,,,,,0.336984562173759,0.0,,,,,0.8809999999999999,,,,,,,,0.0,,,,,,,,,2.04687940041691e-15,,,,,,,,,,,,,,,,,,,,6.993420699333541e-10,
8.04750353500825e-17,,,,,,,,,0.11070262061153802,,0.0,,,,,,,,,,,,,0.0,,,,,0.8888947033873651,0.011000000000000001,,,,,0.0,,,,,,,,0.001,,,,,,,,,0.000352746636785359,,,,,,,,,,,,,,,,,,,,0.0687384977823909,
2.27490675730765e-22,,,,,,,,,0.942521079371769,,0.0,,,,,,,,,,,,,0.0,,,,,0.268360992879495,0.001,,,,,0.0,,,,,,,,0.006999999999999999,,,,,,,,,0.0382452558212809,,,,,,,,,,,,,,,,,,,,1.25019812777153e-06,
1.7885914932117696e-66,,,,,,,,,0.24735133117792002,,0.0,,,,,,,,,,,,,0.0,,,,,0.0673567276351582,0.0,,,,,0.0,,,,,,,,0.0,,,,,,,,,3.5298155160396096e-97,,,,,,,,,,,,,,,,,,,,0.00440996025256815,
0.000316396634853945,,,,,,,,,0.754198602170528,,0.0,,,,,,,,,,,,,0.0,,,,,0.00514739931731256,0.0,,,,,0.005,,,,,,,,0.005,,,,,,,,,4.98050070217365e-08,,,,,,,,,,,,,,,,,,,,0.0139643910103038,
4.93245890127794e-13,,,,,,,,,6.635905371030329e-07,,0.0,,,,,,,,,,,,,0.0,,,,,0.0856645497440881,0.0,,,,,0.001,,,,,,,,0.0,,,,,,,,,7.79310847501898e-08,,,,,,,,,,,,,,,,,,,,2.76769132459895e-07,
0.0,,,,,,,,,5.34931693886366e-21,,0.0,,,,,,,,,,,,,0.58,,,,,0.9355768922614731,0.0,,,,,0.527,,,,,,,,0.08800000000000001,,,,,,,,,1.99903676366676e-23,,,,,,,,,,,,,,,,,,,,1.06570040152184e-08,
0.0,,,,,,,,,4.1035497374742005e-06,,0.0,,,,,,,,,,,,,0.0,,,,,0.0009004073156964359,0.0,,,,,0.0,,,,,,,,0.005,,,,,,,,,1.3161419786450302e-17,,,,,,,,,,,,,,,,,,,,0.016414525820368,
1.46984931881408e-39,,,,,,,,,0.00505405159125069,,0.0,,,,,,,,,,,,,0.01,,,,,0.000253826166533091,0.0,,,,,0.0,,,,,,,,0.0,,,,,,,,,0.00134061952196009,,,,,,,,,,,,,,,,,,,,0.24743169032605103,
1.4401425769511598e-50,,,,,,,,,0.46835504675846895,,0.0,,,,,,,,,,,,,0.0,,,,,0.8605906075311741,0.174,,,,,0.0,,,,,,,,0.001,,,,,,,,,2.4501734135038e-06,,,,,,,,,,,,,,,,,,,,0.130090284213703,
6.81904430041224e-14,,,,,,,,,0.980953839245183,,0.0,,,,,,,,,,,,,0.01,,,,,0.9711830357449242,0.0,,,,,0.0,,,,,,,,0.9570000000000001,,,,,,,,,0.0140457891240772,,,,,,,,,,,,,,,,,,,,3.92728374673346e-09,
3.8904121387581095e-98,,,,,,,,,2.1920466072164695e-94,,0.0,,,,,,,,,,,,,0.01,,,,,1.02635963367712e-15,0.0,,,,,0.011000000000000001,,,,,,,,0.166,,,,,,,,,2.28787692088373e-22,,,,,,,,,,,,,,,,,,,,1.80381446591328e-06,
2.4850033433333194e-85,,,,,,,,,5.235221246762138e-124,,0.0,,,,,,,,,,,,,0.36,,,,,0.047325589447856,0.001,,,,,0.001,,,,,,,,0.64,,,,,,,,,3.7266375244344505e-12,,,,,,,,,,,,,,,,,,,,3.55600082865553e-05,
2.93757761676331e-41,,,,,,,,,0.9681118215498441,,0.0,,,,,,,,,,,,,0.31,,,,,0.9087840304066309,0.0,,,,,0.0,,,,,,,,0.054000000000000006,,,,,,,,,2.7924861850599796e-39,,,,,,,,,,,,,,,,,,,,0.49099406334051093,
5.947523348013299e-16,,,,,,,,,1.72098994229623e-05,,0.0,,,,,,,,,,,,,0.0,,,,,0.776510366446107,0.0,,,,,0.0,,,,,,,,0.539,,,,,,,,,9.988618555952408e-22,,,,,,,,,,,,,,,,,,,,2.18141761904166e-21,
0.0,,,,,,,,,0.9005823769425279,,0.0,,,,,,,,,,,,,0.0,,,,,0.00608008024973313,0.078,,,,,0.0,,,,,,,,0.613,,,,,,,,,0.0107337833947389,,,,,,,,,,,,,,,,,,,,0.0192377435241871,
2.8818559523853284e-190,,,,,,,,,0.007085166442486409,,0.0,,,,,,,,,,,,,0.0,,,,,0.9364722327403441,0.0,,,,,0.0,,,,,,,,0.885,,,,,,,,,0.485552606454373,,,,,,,,,,,,,,,,,,,,0.849501832464743,
2.59137104032586e-10,,,,,,,,,0.0200940790536907,,0.04,,,,,,,,,,,,,0.0,,,,,0.882780754842797,0.0,,,,,0.011000000000000001,,,,,,,,0.10800000000000001,,,,,,,,,0.00613424171836479,,,,,,,,,,,,,,,,,,,,0.181765764091299,
3.66558888940055e-18,,,,,,,,,0.0155704109612436,,0.0,,,,,,,,,,,,,0.0,,,,,0.194940736478645,0.078,,,,,0.903,,,,,,,,0.687,,,,,,,,,0.0922393270030189,,,,,,,,,,,,,,,,,,,,4.9435154218173395e-08,
1.2004807424196301e-21,,,,,,,,,0.841575794596947,,0.0,,,,,,,,,,,,,0.9,,,,,0.00246320706136762,0.0,,,,,0.012,,,,,,,,0.773,,,,,,,,,0.0301093312848,,,,,,,,,,,,,,,,,,,,0.00188310582462475,
1.0902136391655e-09,,,,,,,,,0.716309538517338,,0.0,,,,,,,,,,,,,0.01,,,,,0.65127458636672,0.0,,,,,0.0,,,,,,,,0.62,,,,,,,,,1.24266302329002e-09,,,,,,,,,,,,,,,,,,,,0.18503300439889103,
1.74908964611611e-60,,,,,,,,,0.000201209827599826,,0.02,,,,,,,,,,,,,0.02,,,,,0.5013333494481239,0.0,,,,,0.0,,,,,,,,0.013000000000000001,,,,,,,,,0.000248752035177815,,,,,,,,,,,,,,,,,,,,0.31371564229165005,
3.907798394752999e-117,,,,,,,,,0.988883006004508,,0.0,,,,,,,,,,,,,0.0,,,,,4.13912513526657e-07,0.0,,,,,0.0,,,,,,,,0.679,,,,,,,,,4.724504757651629e-60,,,,,,,,,,,,,,,,,,,,0.22014196031524397,
8.290606467502447e-114,,,,,,,,,0.49826585893225395,,,,,,,,,,,,,,,0.01,,,,,0.0015703115445263199,0.0,,,,,0.011000000000000001,,,,,,,,0.311,,,,,,,,,0.0235261959296035,,,,,,,,,,,,,,,,,,,,0.18834382108219602,
1.1157803228889401e-09,,,,,,,,,0.022686901765157003,,,,,,,,,,,,,,,0.0,,,,,0.0315811721526718,0.0,,,,,0.0,,,,,,,,0.001,,,,,,,,,0.0107337833947389,,,,,,,,,,,,,,,,,,,,0.00027861993202345697,
3.638235015192079e-27,,,,,,,,,6.664108150332779e-20,,,,,,,,,,,,,,,0.1,,,,,0.0018068639372734398,0.0,,,,,0.0,,,,,,,,0.177,,,,,,,,,0.000174373829669734,,,,,,,,,,,,,,,,,,,,0.8888008786936659,
2.95998560705094e-73,,,,,,,,,4.62101816570834e-05,,,,,,,,,,,,,,,0.0,,,,,,0.0,,,,,0.0,,,,,,,,,,,,,,,,,7.46035507419173e-16,,,,,,,,,,,,,,,,,,,,8.57092165350619e-05,
1.1789160716023898e-44,,,,,,,,,0.00442314802999979,,,,,,,,,,,,,,,0.0,,,,,,0.0,,,,,0.0,,,,,,,,,,,,,,,,,0.00184194251588304,,,,,,,,,,,,,,,,,,,,0.130090284213703,
4.3091466677624286e-89,,,,,,,,,0.0415427074044877,,,,,,,,,,,,,,,0.18,,,,,,0.0,,,,,0.0,,,,,,,,,,,,,,,,,1.83846115476156e-05,,,,,,,,,,,,,,,,,,,,0.00631725656358012,
6.73411596963119e-14,,,,,,,,,0.225807271168185,,,,,,,,,,,,,,,0.0,,,,,,0.0,,,,,0.0,,,,,,,,,,,,,,,,,1.21523860167895e-07,,,,,,,,,,,,,,,,,,,,0.000199340974711309,
3.957710467100379e-41,,,,,,,,,0.9837693294422281,,,,,,,,,,,,,,,0.1,,,,,,0.0,,,,,0.011000000000000001,,,,,,,,,,,,,,,,,1.24266302329002e-09,,,,,,,,,,,,,,,,,,,,7.32958348192998e-26,
1.1261330754798e-44,,,,,,,,,0.670532240264959,,,,,,,,,,,,,,,0.0,,,,,,0.0,,,,,0.903,,,,,,,,,,,,,,,,,0.19658946342236702,,,,,,,,,,,,,,,,,,,,0.0906854794914826,
6.173521811396209e-34,,,,,,,,,1.3226460145462596e-55,,,,,,,,,,,,,,,0.42,,,,,,0.0,,,,,0.012,,,,,,,,,,,,,,,,,1.3456751098766996e-60,,,,,,,,,,,,,,,,,,,,8.665283449216321e-17,
1.4456051361857197e-47,,,,,,,,,0.00062748211653488,,,,,,,,,,,,,,,0.0,,,,,,0.0,,,,,0.0,,,,,,,,,,,,,,,,,5.2745458717761794e-20,,,,,,,,,,,,,,,,,,,,0.205560204839138,
3.99046215185285e-31,,,,,,,,,3.30597104565653e-05,,,,,,,,,,,,,,,0.15,,,,,,0.0,,,,,,,,,,,,,,,,,,,,,,1.0,,,,,,,,,,,,,,,,,,,,2.3680706772721903e-06,
2.0728090541378102e-40,,,,,,,,,0.80708730120243,,,,,,,,,,,,,,,0.69,,,,,,0.0,,,,,,,,,,,,,,,,,,,,,,0.0301093312848,,,,,,,,,,,,,,,,,,,,0.000141752733442089,
3.9696970433894e-17,,,,,,,,,0.401320572422645,,,,,,,,,,,,,,,0.26,,,,,,0.0,,,,,,,,,,,,,,,,,,,,,,4.50882661323697e-07,,,,,,,,,,,,,,,,,,,,6.271091140188731e-12,
8.169637890257459e-39,,,,,,,,,0.649638817724677,,,,,,,,,,,,,,,0.0,,,,,,0.0,,,,,,,,,,,,,,,,,,,,,,3.99869255066116e-26,,,,,,,,,,,,,,,,,,,,2.1835255902729897e-09,
2.18086800928638e-06,,,,,,,,,8.01371769849783e-07,,,,,,,,,,,,,,,0.07,,,,,,0.0,,,,,,,,,,,,,,,,,,,,,,0.00458816812934405,,,,,,,,,,,,,,,,,,,,0.30425400090580895,
5.2663504598677297e-23,,,,,,,,,0.24747453614944398,,,,,,,,,,,,,,,0.02,,,,,,0.0,,,,,,,,,,,,,,,,,,,,,,3.24854196840917e-23,,,,,,,,,,,,,,,,,,,,0.00313998280732105,
1.4326297788050497e-56,,,,,,,,,0.0167695524670573,,,,,,,,,,,,,,,0.0,,,,,,0.0,,,,,,,,,,,,,,,,,,,,,,2.9052098542175397e-18,,,,,,,,,,,,,,,,,,,,0.53596353947448,
2.0540240663750193e-129,,,,,,,,,0.7919771647043341,,,,,,,,,,,,,,,0.69,,,,,,0.0,,,,,,,,,,,,,,,,,,,,,,1.53598470522797e-28,,,,,,,,,,,,,,,,,,,,0.0039019670532522,
4.9066349523519596e-61,,,,,,,,,0.989213921871056,,,,,,,,,,,,,,,0.0,,,,,,0.0,,,,,,,,,,,,,,,,,,,,,,0.319724155784123,,,,,,,,,,,,,,,,,,,,0.0945186123598789,
1.8078605453267596e-149,,,,,,,,,0.0277598906852777,,,,,,,,,,,,,,,0.0,,,,,,0.0,,,,,,,,,,,,,,,,,,,,,,0.000248752035177815,,,,,,,,,,,,,,,,,,,,0.0007079833539592059,
4.5927739888990897e-20,,,,,,,,,0.0050796928755881795,,,,,,,,,,,,,,,0.0,,,,,,0.0,,,,,,,,,,,,,,,,,,,,,,0.00069642771735627,,,,,,,,,,,,,,,,,,,,0.64601590163273,
1.9981198264538797e-20,,,,,,,,,3.35644742834151e-07,,,,,,,,,,,,,,,0.35,,,,,,0.0,,,,,,,,,,,,,,,,,,,,,,0.0382452558212809,,,,,,,,,,,,,,,,,,,,1.51329872157307e-12,
4.7613345437371095e-26,,,,,,,,,,,,,,,,,,,,,,,,0.01,,,,,,0.0,,,,,,,,,,,,,,,,,,,,,,0.0235261959296035,,,,,,,,,,,,,,,,,,,,0.000401283436369249,
1.59205453920395e-23,,,,,,,,,,,,,,,,,,,,,,,,0.13,,,,,,0.0,,,,,,,,,,,,,,,,,,,,,,1.8883081225275102e-07,,,,,,,,,,,,,,,,,,,,0.0066996609338552,
7.849807042923088e-82,,,,,,,,,,,,,,,,,,,,,,,,0.15,,,,,,0.0,,,,,,,,,,,,,,,,,,,,,,3.71723831386735e-47,,,,,,,,,,,,,,,,,,,,1.13996174720431e-06,
0.0,,,,,,,,,,,,,,,,,,,,,,,,0.56,,,,,,0.0,,,,,,,,,,,,,,,,,,,,,,4.15878680025108e-30,,,,,,,,,,,,,,,,,,,,0.667658588575648,
4.737956802450401e-34,,,,,,,,,,,,,,,,,,,,,,,,0.0,,,,,,0.0,,,,,,,,,,,,,,,,,,,,,,0.000352746636785359,,,,,,,,,,,,,,,,,,,,0.53596353947448,
8.56742575253246e-43,,,,,,,,,,,,,,,,,,,,,,,,0.09,,,,,,,,,,,,,,,,,,,,,,,,,,,,0.00814351531940867,,,,,,,,,,,,,,,,,,,,0.151430869492852,
7.30659497725727e-26,,,,,,,,,,,,,,,,,,,,,,,,0.0,,,,,,,,,,,,,,,,,,,,,,,,,,,,1.14427232725852e-13,,,,,,,,,,,,,,,,,,,,0.503630623724224,
1.1807957072017399e-35,,,,,,,,,,,,,,,,,,,,,,,,0.0,,,,,,,,,,,,,,,,,,,,,,,,,,,,4.50882661323697e-07,,,,,,,,,,,,,,,,,,,,3.39135550628895e-06,
5.873800774714129e-73,,,,,,,,,,,,,,,,,,,,,,,,0.03,,,,,,,,,,,,,,,,,,,,,,,,,,,,0.0140457891240772,,,,,,,,,,,,,,,,,,,,0.0602042936534901,
8.333431885962756e-199,,,,,,,,,,,,,,,,,,,,,,,,0.0,,,,,,,,,,,,,,,,,,,,,,,,,,,,1.38457600423353e-12,,,,,,,,,,,,,,,,,,,,0.0888166989415904,
3.70749232599376e-37,,,,,,,,,,,,,,,,,,,,,,,,0.66,,,,,,,,,,,,,,,,,,,,,,,,,,,,0.00134061952196009,,,,,,,,,,,,,,,,,,,,0.00334241380113812,
5.6571414592934385e-117,,,,,,,,,,,,,,,,,,,,,,,,0.0,,,,,,,,,,,,,,,,,,,,,,,,,,,,1.79159298919831e-24,,,,,,,,,,,,,,,,,,,,0.026191311944252,
6.1932914828746e-20,,,,,,,,,,,,,,,,,,,,,,,,0.43,,,,,,,,,,,,,,,,,,,,,,,,,,,,8.380332558688369e-52,,,,,,,,,,,,,,,,,,,,0.00414886171355421,
3.32615158966808e-74,,,,,,,,,,,,,,,,,,,,,,,,0.0,,,,,,,,,,,,,,,,,,,,,,,,,,,,0.000969368944365386,,,,,,,,,,,,,,,,,,,,1.7592975348423802e-05,
1.5893515708686296e-80,,,,,,,,,,,,,,,,,,,,,,,,0.18,,,,,,,,,,,,,,,,,,,,,,,,,,,,0.19658946342236702,,,,,,,,,,,,,,,,,,,,0.6317519292009971,
2.01814321545099e-08,,,,,,,,,,,,,,,,,,,,,,,,0.58,,,,,,,,,,,,,,,,,,,,,,,,,,,,0.00340791534332946,,,,,,,,,,,,,,,,,,,,0.23940181998211604,
2.0030952480611198e-29,,,,,,,,,,,,,,,,,,,,,,,,0.08,,,,,,,,,,,,,,,,,,,,,,,,,,,,1.61494162006762e-06,,,,,,,,,,,,,,,,,,,,0.00402368269658571,
4.90454277987779e-46,,,,,,,,,,,,,,,,,,,,,,,,0.0,,,,,,,,,,,,,,,,,,,,,,,,,,,,2.53987209107601e-14,,,,,,,,,,,,,,,,,,,,0.0388000276094617,
8.04750353500825e-17,,,,,,,,,,,,,,,,,,,,,,,,0.03,,,,,,,,,,,,,,,,,,,,,,,,,,,,1.3511680565087298e-53,,,,,,,,,,,,,,,,,,,,8.57092165350619e-05,
2.27490675730765e-22,,,,,,,,,,,,,,,,,,,,,,,,0.03,,,,,,,,,,,,,,,,,,,,,,,,,,,,1.24266302329002e-09,,,,,,,,,,,,,,,,,,,,0.682244779476058,
1.7885914932117696e-66,,,,,,,,,,,,,,,,,,,,,,,,0.0,,,,,,,,,,,,,,,,,,,,,,,,,,,,8.42092110420697e-05,,,,,,,,,,,,,,,,,,,,2.5494021162179796e-46,
0.000316396634853945,,,,,,,,,,,,,,,,,,,,,,,,0.0,,,,,,,,,,,,,,,,,,,,,,,,,,,,1.61494162006762e-06,,,,,,,,,,,,,,,,,,,,0.667658588575648,
4.93245890127794e-13,,,,,,,,,,,,,,,,,,,,,,,,0.0,,,,,,,,,,,,,,,,,,,,,,,,,,,,0.00814351531940867,,,,,,,,,,,,,,,,,,,,0.436312974255405,
0.0,,,,,,,,,,,,,,,,,,,,,,,,0.0,,,,,,,,,,,,,,,,,,,,,,,,,,,,0.00012152364430076101,,,,,,,,,,,,,,,,,,,,0.0964836703280928,
0.0,,,,,,,,,,,,,,,,,,,,,,,,0.0,,,,,,,,,,,,,,,,,,,,,,,,,,,,3.17249150280288e-08,,,,,,,,,,,,,,,,,,,,0.000258778205654259,
1.46984931881408e-39,,,,,,,,,,,,,,,,,,,,,,,,0.09,,,,,,,,,,,,,,,,,,,,,,,,,,,,2.01439457762538e-08,,,,,,,,,,,,,,,,,,,,0.104675388233003,
1.4401425769511598e-50,,,,,,,,,,,,,,,,,,,,,,,,0.0,,,,,,,,,,,,,,,,,,,,,,,,,,,,2.0845444748593103e-45,,,,,,,,,,,,,,,,,,,,6.51607836344862e-07,
6.81904430041224e-14,,,,,,,,,,,,,,,,,,,,,,,,0.1,,,,,,,,,,,,,,,,,,,,,,,,,,,,8.425228863908051e-13,,,,,,,,,,,,,,,,,,,,0.17854184209735602,
3.8904121387581095e-98,,,,,,,,,,,,,,,,,,,,,,,,0.0,,,,,,,,,,,,,,,,,,,,,,,,,,,,4.50882661323697e-07,,,,,,,,,,,,,,,,,,,,0.00512964219261755,
2.4850033433333194e-85,,,,,,,,,,,,,,,,,,,,,,,,0.0,,,,,,,,,,,,,,,,,,,,,,,,,,,,1.38457600423353e-12,,,,,,,,,,,,,,,,,,,,0.268331824361322,
2.93757761676331e-41,,,,,,,,,,,,,,,,,,,,,,,,0.0,,,,,,,,,,,,,,,,,,,,,,,,,,,,1.79159298919831e-24,,,,,,,,,,,,,,,,,,,,0.734213337284241,
5.947523348013299e-16,,,,,,,,,,,,,,,,,,,,,,,,0.09,,,,,,,,,,,,,,,,,,,,,,,,,,,,5.80273548395864e-05,,,,,,,,,,,,,,,,,,,,0.348351461314491,
0.0,,,,,,,,,,,,,,,,,,,,,,,,0.02,,,,,,,,,,,,,,,,,,,,,,,,,,,,0.00069642771735627,,,,,,,,,,,,,,,,,,,,4.14120267051227e-09,
2.8818559523853284e-190,,,,,,,,,,,,,,,,,,,,,,,,0.0,,,,,,,,,,,,,,,,,,,,,,,,,,,,1.83846115476156e-05,,,,,,,,,,,,,,,,,,,,0.010017888169646,
2.59137104032586e-10,,,,,,,,,,,,,,,,,,,,,,,,0.0,,,,,,,,,,,,,,,,,,,,,,,,,,,,1.6354187552039499e-21,,,,,,,,,,,,,,,,,,,,0.6969515658933609,
3.66558888940055e-18,,,,,,,,,,,,,,,,,,,,,,,,0.0,,,,,,,,,,,,,,,,,,,,,,,,,,,,6.08557060714931e-40,,,,,,,,,,,,,,,,,,,,0.0869793047169129,
1.2004807424196301e-21,,,,,,,,,,,,,,,,,,,,,,,,0.0,,,,,,,,,,,,,,,,,,,,,,,,,,,,0.0140457891240772,,,,,,,,,,,,,,,,,,,,5.5451086244945e-05,
1.0902136391655e-09,,,,,,,,,,,,,,,,,,,,,,,,0.0,,,,,,,,,,,,,,,,,,,,,,,,,,,,0.0182455383877161,,,,,,,,,,,,,,,,,,,,7.82118091714399e-06,
1.74908964611611e-60,,,,,,,,,,,,,,,,,,,,,,,,0.07,,,,,,,,,,,,,,,,,,,,,,,,,,,,1.84637932771635e-10,,,,,,,,,,,,,,,,,,,,3.9579341361572797e-17,
3.907798394752999e-117,,,,,,,,,,,,,,,,,,,,,,,,0.0,,,,,,,,,,,,,,,,,,,,,,,,,,,,3.09009407933914e-34,,,,,,,,,,,,,,,,,,,,0.0672502363036605,
8.290606467502447e-114,,,,,,,,,,,,,,,,,,,,,,,,0.06,,,,,,,,,,,,,,,,,,,,,,,,,,,,0.00251392717651382,,,,,,,,,,,,,,,,,,,,0.0118450573566645,
1.1157803228889401e-09,,,,,,,,,,,,,,,,,,,,,,,,0.0,,,,,,,,,,,,,,,,,,,,,,,,,,,,3.1790140262354602e-09,,,,,,,,,,,,,,,,,,,,0.33321809045780104,
3.638235015192079e-27,,,,,,,,,,,,,,,,,,,,,,,,0.0,,,,,,,,,,,,,,,,,,,,,,,,,,,,1.83846115476156e-05,,,,,,,,,,,,,,,,,,,,0.216428262606234,
2.95998560705094e-73,,,,,,,,,,,,,,,,,,,,,,,,0.0,,,,,,,,,,,,,,,,,,,,,,,,,,,,0.0301093312848,,,,,,,,,,,,,,,,,,,,0.00182264916989306,
1.1789160716023898e-44,,,,,,,,,,,,,,,,,,,,,,,,0.08,,,,,,,,,,,,,,,,,,,,,,,,,,,,0.0235261959296035,,,,,,,,,,,,,,,,,,,,0.0039019670532522,
4.3091466677624286e-89,,,,,,,,,,,,,,,,,,,,,,,,0.03,,,,,,,,,,,,,,,,,,,,,,,,,,,,0.00814351531940867,,,,,,,,,,,,,,,,,,,,0.9283772811887421,
6.73411596963119e-14,,,,,,,,,,,,,,,,,,,,,,,,0.0,,,,,,,,,,,,,,,,,,,,,,,,,,,,1.3269877055680699e-58,,,,,,,,,,,,,,,,,,,,4.72267391441354e-05,
3.957710467100379e-41,,,,,,,,,,,,,,,,,,,,,,,,0.0,,,,,,,,,,,,,,,,,,,,,,,,,,,,2.17907959135662e-17,,,,,,,,,,,,,,,,,,,,0.0289523092073288,
1.1261330754798e-44,,,,,,,,,,,,,,,,,,,,,,,,0.0,,,,,,,,,,,,,,,,,,,,,,,,,,,,0.485552606454373,,,,,,,,,,,,,,,,,,,,0.00650591301074694,
6.173521811396209e-34,,,,,,,,,,,,,,,,,,,,,,,,0.0,,,,,,,,,,,,,,,,,,,,,,,,,,,,7.46035507419173e-16,,,,,,,,,,,,,,,,,,,,0.00236108525944284,
1.4456051361857197e-47,,,,,,,,,,,,,,,,,,,,,,,,0.0,,,,,,,,,,,,,,,,,,,,,,,,,,,,1.2751345722064799e-08,,,,,,,,,,,,,,,,,,,,6.829402511021621e-07,
3.99046215185285e-31,,,,,,,,,,,,,,,,,,,,,,,,0.02,,,,,,,,,,,,,,,,,,,,,,,,,,,,0.425607160569455,,,,,,,,,,,,,,,,,,,,0.0562806724501406,
2.0728090541378102e-40,,,,,,,,,,,,,,,,,,,,,,,,0.0,,,,,,,,,,,,,,,,,,,,,,,,,,,,1.24045888421985e-05,,,,,,,,,,,,,,,,,,,,0.0765942647096491,
3.9696970433894e-17,,,,,,,,,,,,,,,,,,,,,,,,0.03,,,,,,,,,,,,,,,,,,,,,,,,,,,,0.000352746636785359,,,,,,,,,,,,,,,,,,,,0.810576061279489,
8.169637890257459e-39,,,,,,,,,,,,,,,,,,,,,,,,0.0,,,,,,,,,,,,,,,,,,,,,,,,,,,,1.6354187552039499e-21,,,,,,,,,,,,,,,,,,,,5.14738277996155e-07,
2.18086800928638e-06,,,,,,,,,,,,,,,,,,,,,,,,0.0,,,,,,,,,,,,,,,,,,,,,,,,,,,,0.00613424171836479,,,,,,,,,,,,,,,,,,,,0.0013094814124166901,
5.2663504598677297e-23,,,,,,,,,,,,,,,,,,,,,,,,0.0,,,,,,,,,,,,,,,,,,,,,,,,,,,,3.319728247448269e-81,,,,,,,,,,,,,,,,,,,,6.4642883872272796e-28,
1.4326297788050497e-56,,,,,,,,,,,,,,,,,,,,,,,,0.03,,,,,,,,,,,,,,,,,,,,,,,,,,,,4.39508771560437e-21,,,,,,,,,,,,,,,,,,,,0.7644887301893281,
2.0540240663750193e-129,,,,,,,,,,,,,,,,,,,,,,,,,,,,,,,,,,,,,,,,,,,,,,,,,,,,0.0301093312848,,,,,,,,,,,,,,,,,,,,6.760930738682418e-75,
4.9066349523519596e-61,,,,,,,,,,,,,,,,,,,,,,,,,,,,,,,,,,,,,,,,,,,,,,,,,,,,0.37028248884328097,,,,,,,,,,,,,,,,,,,,0.299595517380773,
1.8078605453267596e-149,,,,,,,,,,,,,,,,,,,,,,,,,,,,,,,,,,,,,,,,,,,,,,,,,,,,0.0140457891240772,,,,,,,,,,,,,,,,,,,,0.0036685862827363,
4.5927739888990897e-20,,,,,,,,,,,,,,,,,,,,,,,,,,,,,,,,,,,,,,,,,,,,,,,,,,,,0.000969368944365386,,,,,,,,,,,,,,,,,,,,0.0799365230172418,
1.9981198264538797e-20,,,,,,,,,,,,,,,,,,,,,,,,,,,,,,,,,,,,,,,,,,,,,,,,,,,,2.65723992637207e-11,,,,,,,,,,,,,,,,,,,,8.320696277358051e-16,
4.7613345437371095e-26,,,,,,,,,,,,,,,,,,,,,,,,,,,,,,,,,,,,,,,,,,,,,,,,,,,,9.311522885188678e-57,,,,,,,,,,,,,,,,,,,,3.0470224913448895e-07,
1.59205453920395e-23,,,,,,,,,,,,,,,,,,,,,,,,,,,,,,,,,,,,,,,,,,,,,,,,,,,,6.43564942540427e-19,,,,,,,,,,,,,,,,,,,,0.0702539245781678,
7.849807042923088e-82,,,,,,,,,,,,,,,,,,,,,,,,,,,,,,,,,,,,,,,,,,,,,,,,,,,,0.16460817493165197,,,,,,,,,,,,,,,,,,,,0.16009291637113002,
0.0,,,,,,,,,,,,,,,,,,,,,,,,,,,,,,,,,,,,,,,,,,,,,,,,,,,,7.79310847501898e-08,,,,,,,,,,,,,,,,,,,,0.348351461314491,
4.737956802450401e-34,,,,,,,,,,,,,,,,,,,,,,,,,,,,,,,,,,,,,,,,,,,,,,,,,,,,3.8874729490376e-33,,,,,,,,,,,,,,,,,,,,0.33321809045780104,
8.56742575253246e-43,,,,,,,,,,,,,,,,,,,,,,,,,,,,,,,,,,,,,,,,,,,,,,,,,,,,0.16460817493165197,,,,,,,,,,,,,,,,,,,,2.35650323020545e-05,
7.30659497725727e-26,,,,,,,,,,,,,,,,,,,,,,,,,,,,,,,,,,,,,,,,,,,,,,,,,,,,1.5304558984473696e-51,,,,,,,,,,,,,,,,,,,,0.00022303032840516402,
0.0148705999333505,,,,,,,,,,,,,,,,,,,,,,,,,,,,,,,,,,,,,,,,,,,,,,,,,,,,3.09009407933914e-34,,,,,,,,,,,,,,,,,,,,0.833881446260616,
1.7643011833882701e-12,,,,,,,,,,,,,,,,,,,,,,,,,,,,,,,,,,,,,,,,,,,,,,,,,,,,0.000248752035177815,,,,,,,,,,,,,,,,,,,,1.83469695035698e-05,
4.09352729044138e-11,,,,,,,,,,,,,,,,,,,,,,,,,,,,,,,,,,,,,,,,,,,,,,,,,,,,0.00613424171836479,,,,,,,,,,,,,,,,,,,,0.007975922673887621,
1.93616840603071e-11,,,,,,,,,,,,,,,,,,,,,,,,,,,,,,,,,,,,,,,,,,,,,,,,,,,,6.43564942540427e-19,,,,,,,,,,,,,,,,,,,,0.255649697772113,
4.9490909702657005e-12,,,,,,,,,,,,,,,,,,,,,,,,,,,,,,,,,,,,,,,,,,,,,,,,,,,,1.48239711687927e-45,,,,,,,,,,,,,,,,,,,,1.6687406227536696e-30,
0.7761234603637309,,,,,,,,,,,,,,,,,,,,,,,,,,,,,,,,,,,,,,,,,,,,,,,,,,,,4.503091887980821e-16,,,,,,,,,,,,,,,,,,,,0.896697081532679,
2.5645510965007997e-20,,,,,,,,,,,,,,,,,,,,,,,,,,,,,,,,,,,,,,,,,,,,,,,,,,,,0.319724155784123,,,,,,,,,,,,,,,,,,,,0.18834382108219602,
0.0260383167159108,,,,,,,,,,,,,,,,,,,,,,,,,,,,,,,,,,,,,,,,,,,,,,,,,,,,0.8418867362024499,,,,,,,,,,,,,,,,,,,,0.0388000276094617,
0.162626514240341,,,,,,,,,,,,,,,,,,,,,,,,,,,,,,,,,,,,,,,,,,,,,,,,,,,,6.0690428421038e-28,,,,,,,,,,,,,,,,,,,,0.00631725656358012,
0.00269708560706309,,,,,,,,,,,,,,,,,,,,,,,,,,,,,,,,,,,,,,,,,,,,,,,,,,,,0.0748758978670466,,,,,,,,,,,,,,,,,,,,7.792378448420401e-09,
0.00590154490593646,,,,,,,,,,,,,,,,,,,,,,,,,,,,,,,,,,,,,,,,,,,,,,,,,,,,4.68762017753298e-44,,,,,,,,,,,,,,,,,,,,6.993420699333541e-10,
0.17118075441256697,,,,,,,,,,,,,,,,,,,,,,,,,,,,,,,,,,,,,,,,,,,,,,,,,,,,1.1320506714090597e-51,,,,,,,,,,,,,,,,,,,,0.0687384977823909,
0.000159155478452379,,,,,,,,,,,,,,,,,,,,,,,,,,,,,,,,,,,,,,,,,,,,,,,,,,,,8.86095027627389e-35,,,,,,,,,,,,,,,,,,,,1.25019812777153e-06,
3.1531424361984196e-09,,,,,,,,,,,,,,,,,,,,,,,,,,,,,,,,,,,,,,,,,,,,,,,,,,,,1.8883081225275102e-07,,,,,,,,,,,,,,,,,,,,0.00440996025256815,
0.000292656618922827,,,,,,,,,,,,,,,,,,,,,,,,,,,,,,,,,,,,,,,,,,,,,,,,,,,,3.97681835141181e-05,,,,,,,,,,,,,,,,,,,,0.0139643910103038,
4.08343800847094e-08,,,,,,,,,,,,,,,,,,,,,,,,,,,,,,,,,,,,,,,,,,,,,,,,,,,,0.000969368944365386,,,,,,,,,,,,,,,,,,,,2.76769132459895e-07,
1.78513024965622e-11,,,,,,,,,,,,,,,,,,,,,,,,,,,,,,,,,,,,,,,,,,,,,,,,,,,,1.1403575374890301e-10,,,,,,,,,,,,,,,,,,,,1.06570040152184e-08,
6.801017514612499e-108,,,,,,,,,,,,,,,,,,,,,,,,,,,,,,,,,,,,,,,,,,,,,,,,,,,,5.857782159038089e-35,,,,,,,,,,,,,,,,,,,,0.016414525820368,
1.96240554416751e-06,,,,,,,,,,,,,,,,,,,,,,,,,,,,,,,,,,,,,,,,,,,,,,,,,,,,6.089895085656849e-59,,,,,,,,,,,,,,,,,,,,0.24743169032605103,
1.47232639763349e-06,,,,,,,,,,,,,,,,,,,,,,,,,,,,,,,,,,,,,,,,,,,,,,,,,,,,0.00458816812934405,,,,,,,,,,,,,,,,,,,,0.130090284213703,
0.161481700000476,,,,,,,,,,,,,,,,,,,,,,,,,,,,,,,,,,,,,,,,,,,,,,,,,,,,0.0301093312848,,,,,,,,,,,,,,,,,,,,3.92728374673346e-09,
2.04546220075828e-20,,,,,,,,,,,,,,,,,,,,,,,,,,,,,,,,,,,,,,,,,,,,,,,,,,,,0.19658946342236702,,,,,,,,,,,,,,,,,,,,1.80381446591328e-06,
4.45451892136461e-05,,,,,,,,,,,,,,,,,,,,,,,,,,,,,,,,,,,,,,,,,,,,,,,,,,,,3.97681835141181e-05,,,,,,,,,,,,,,,,,,,,2.56009127123642e-05,
0.205286573233197,,,,,,,,,,,,,,,,,,,,,,,,,,,,,,,,,,,,,,,,,,,,,,,,,,,,6.106027001232029e-22,,,,,,,,,,,,,,,,,,,,0.0749666846005864,
0.000184222223048894,,,,,,,,,,,,,,,,,,,,,,,,,,,,,,,,,,,,,,,,,,,,,,,,,,,,1.0119849956233899e-53,,,,,,,,,,,,,,,,,,,,0.0248988959641403,
4.522617836650269e-64,,,,,,,,,,,,,,,,,,,,,,,,,,,,,,,,,,,,,,,,,,,,,,,,,,,,2.98356660360921e-10,,,,,,,,,,,,,,,,,,,,9.890188596975149e-66,
6.62614556174895e-08,,,,,,,,,,,,,,,,,,,,,,,,,,,,,,,,,,,,,,,,,,,,,,,,,,,,0.00069642771735627,,,,,,,,,,,,,,,,,,,,1.97564204784678e-06,
0.00011542343205841499,,,,,,,,,,,,,,,,,,,,,,,,,,,,,,,,,,,,,,,,,,,,,,,,,,,,5.56489000858402e-06,,,,,,,,,,,,,,,,,,,,0.202027825121689,
0.0334651238026812,,,,,,,,,,,,,,,,,,,,,,,,,,,,,,,,,,,,,,,,,,,,,,,,,,,,1.83846115476156e-05,,,,,,,,,,,,,,,,,,,,6.66780364735099e-27,
0.0177077423478641,,,,,,,,,,,,,,,,,,,,,,,,,,,,,,,,,,,,,,,,,,,,,,,,,,,,0.000969368944365386,,,,,,,,,,,,,,,,,,,,0.5294136799888529,
0.298029956744717,,,,,,,,,,,,,,,,,,,,,,,,,,,,,,,,,,,,,,,,,,,,,,,,,,,,5.61105387526414e-15,,,,,,,,,,,,,,,,,,,,0.41890287092795797,
0.4796062771229129,,,,,,,,,,,,,,,,,,,,,,,,,,,,,,,,,,,,,,,,,,,,,,,,,,,,1.0010578241832198e-47,,,,,,,,,,,,,,,,,,,,9.292247945441809e-15,
0.00173846696398169,,,,,,,,,,,,,,,,,,,,,,,,,,,,,,,,,,,,,,,,,,,,,,,,,,,,2.4247339884611397e-27,,,,,,,,,,,,,,,,,,,,0.0457747335787491,
4.88656664357064e-17,,,,,,,,,,,,,,,,,,,,,,,,,,,,,,,,,,,,,,,,,,,,,,,,,,,,0.00134061952196009,,,,,,,,,,,,,,,,,,,,0.0479531012550138,
0.00125233507472857,,,,,,,,,,,,,,,,,,,,,,,,,,,,,,,,,,,,,,,,,,,,,,,,,,,,4.503091887980821e-16,,,,,,,,,,,,,,,,,,,,2.357080694995879e-72,
2.5808278457265398e-05,,,,,,,,,,,,,,,,,,,,,,,,,,,,,,,,,,,,,,,,,,,,,,,,,,,,8.42092110420697e-05,,,,,,,,,,,,,,,,,,,,0.0103036601433772,
0.5387248996581541,,,,,,,,,,,,,,,,,,,,,,,,,,,,,,,,,,,,,,,,,,,,,,,,,,,,9.97976991018393e-12,,,,,,,,,,,,,,,,,,,,0.00402368269658571,
0.0323790843595225,,,,,,,,,,,,,,,,,,,,,,,,,,,,,,,,,,,,,,,,,,,,,,,,,,,,7.01871902541311e-42,,,,,,,,,,,,,,,,,,,,5.300459899339768e-56,
1.4911579885053698e-23,,,,,,,,,,,,,,,,,,,,,,,,,,,,,,,,,,,,,,,,,,,,,,,,,,,,1.66308467208499e-33,,,,,,,,,,,,,,,,,,,,0.660412225086486,
5.87337971781445e-07,,,,,,,,,,,,,,,,,,,,,,,,,,,,,,,,,,,,,,,,,,,,,,,,,,,,1.62969494188249e-11,,,,,,,,,,,,,,,,,,,,0.0782507601549789,
0.000866289907638305,,,,,,,,,,,,,,,,,,,,,,,,,,,,,,,,,,,,,,,,,,,,,,,,,,,,0.764799880300303,,,,,,,,,,,,,,,,,,,,2.9122590869045203e-12,
0.62662149504247,,,,,,,,,,,,,,,,,,,,,,,,,,,,,,,,,,,,,,,,,,,,,,,,,,,,7.053595162224459e-31,,,,,,,,,,,,,,,,,,,,0.542554259418489,
0.15428202650696599,,,,,,,,,,,,,,,,,,,,,,,,,,,,,,,,,,,,,,,,,,,,,,,,,,,,0.425607160569455,,,,,,,,,,,,,,,,,,,,0.181765764091299,
2.19505379280125e-08,,,,,,,,,,,,,,,,,,,,,,,,,,,,,,,,,,,,,,,,,,,,,,,,,,,,1.88921154766481e-31,,,,,,,,,,,,,,,,,,,,3.8492892397048e-42,
1.55052909907514e-10,,,,,,,,,,,,,,,,,,,,,,,,,,,,,,,,,,,,,,,,,,,,,,,,,,,,5.6919514655970495e-67,,,,,,,,,,,,,,,,,,,,0.0275417567120941,
3.43379257589951e-05,,,,,,,,,,,,,,,,,,,,,,,,,,,,,,,,,,,,,,,,,,,,,,,,,,,,6.10255444521302e-12,,,,,,,,,,,,,,,,,,,,0.18834382108219602,
0.1479246447187,,,,,,,,,,,,,,,,,,,,,,,,,,,,,,,,,,,,,,,,,,,,,,,,,,,,1.61494162006762e-06,,,,,,,,,,,,,,,,,,,,1.1265080057098999e-20,
4.12164717334177e-07,,,,,,,,,,,,,,,,,,,,,,,,,,,,,,,,,,,,,,,,,,,,,,,,,,,,3.24854196840917e-23,,,,,,,,,,,,,,,,,,,,0.880915776817068,
0.400955679949144,,,,,,,,,,,,,,,,,,,,,,,,,,,,,,,,,,,,,,,,,,,,,,,,,,,,5.80273548395864e-05,,,,,,,,,,,,,,,,,,,,0.294985211160747,
7.53137400037075e-10,,,,,,,,,,,,,,,,,,,,,,,,,,,,,,,,,,,,,,,,,,,,,,,,,,,,3.6345346003546093e-59,,,,,,,,,,,,,,,,,,,,1.3610173343251998e-42,
0.0106450389384315,,,,,,,,,,,,,,,,,,,,,,,,,,,,,,,,,,,,,,,,,,,,,,,,,,,,1.10947513928484e-24,,,,,,,,,,,,,,,,,,,,4.519169242916689e-192,
1.1663460817404e-09,,,,,,,,,,,,,,,,,,,,,,,,,,,,,,,,,,,,,,,,,,,,,,,,,,,,0.0382452558212809,,,,,,,,,,,,,,,,,,,,0.11117703483801801,
0.9241732849809229,,,,,,,,,,,,,,,,,,,,,,,,,,,,,,,,,,,,,,,,,,,,,,,,,,,,9.79389771522752e-27,,,,,,,,,,,,,,,,,,,,4.57339378981703e-60,
0.587277504922609,,,,,,,,,,,,,,,,,,,,,,,,,,,,,,,,,,,,,,,,,,,,,,,,,,,,4.19742966814065e-14,,,,,,,,,,,,,,,,,,,,1.55052985914579e-05,
0.0133750463110917,,,,,,,,,,,,,,,,,,,,,,,,,,,,,,,,,,,,,,,,,,,,,,,,,,,,1.2213215965971597e-56,,,,,,,,,,,,,,,,,,,,2.07105869013878e-07,
0.00450891617704867,,,,,,,,,,,,,,,,,,,,,,,,,,,,,,,,,,,,,,,,,,,,,,,,,,,,0.00069642771735627,,,,,,,,,,,,,,,,,,,,2.8333968876967386e-209,
0.0478158996067974,,,,,,,,,,,,,,,,,,,,,,,,,,,,,,,,,,,,,,,,,,,,,,,,,,,,0.9205445310958509,,,,,,,,,,,,,,,,,,,,0.33321809045780104,
0.00898158211904181,,,,,,,,,,,,,,,,,,,,,,,,,,,,,,,,,,,,,,,,,,,,,,,,,,,,3.11037282036402e-13,,,,,,,,,,,,,,,,,,,,0.7493023776615201,
4.57691198143801e-12,,,,,,,,,,,,,,,,,,,,,,,,,,,,,,,,,,,,,,,,,,,,,,,,,,,,0.19658946342236702,,,,,,,,,,,,,,,,,,,,2.97176668463393e-16,
0.0,,,,,,,,,,,,,,,,,,,,,,,,,,,,,,,,,,,,,,,,,,,,,,,,,,,,0.000352746636785359,,,,,,,,,,,,,,,,,,,,0.00035997100262314904,
0.0146725261280358,,,,,,,,,,,,,,,,,,,,,,,,,,,,,,,,,,,,,,,,,,,,,,,,,,,,2.27286480772808e-12,,,,,,,,,,,,,,,,,,,,0.000112553865739764,
0.00138574290980076,,,,,,,,,,,,,,,,,,,,,,,,,,,,,,,,,,,,,,,,,,,,,,,,,,,,2.42527012279318e-28,,,,,,,,,,,,,,,,,,,,3.377983195654749e-61,
0.700624473087966,,,,,,,,,,,,,,,,,,,,,,,,,,,,,,,,,,,,,,,,,,,,,,,,,,,,0.000248752035177815,,,,,,,,,,,,,,,,,,,,0.24743169032605103,
0.0148705999333505,,,,,,,,,,,,,,,,,,,,,,,,,,,,,,,,,,,,,,,,,,,,,,,,,,,,0.0140457891240772,,,,,,,,,,,,,,,,,,,,0.865181974107461,
1.7643011833882701e-12,,,,,,,,,,,,,,,,,,,,,,,,,,,,,,,,,,,,,,,,,,,,,,,,,,,,3.8001755646902596e-51,,,,,,,,,,,,,,,,,,,,5.55542508101451e-38,
4.09352729044138e-11,,,,,,,,,,,,,,,,,,,,,,,,,,,,,,,,,,,,,,,,,,,,,,,,,,,,1.88731404374503e-13,,,,,,,,,,,,,,,,,,,,0.166073999800013,
1.93616840603071e-11,,,,,,,,,,,,,,,,,,,,,,,,,,,,,,,,,,,,,,,,,,,,,,,,,,,,4.50882661323697e-07,,,,,,,,,,,,,,,,,,,,0.143133124363487,
4.9490909702657005e-12,,,,,,,,,,,,,,,,,,,,,,,,,,,,,,,,,,,,,,,,,,,,,,,,,,,,0.00814351531940867,,,,,,,,,,,,,,,,,,,,0.0343936780685341,
0.7761234603637309,,,,,,,,,,,,,,,,,,,,,,,,,,,,,,,,,,,,,,,,,,,,,,,,,,,,0.000969368944365386,,,,,,,,,,,,,,,,,,,,0.35868106189030796,
2.5645510965007997e-20,,,,,,,,,,,,,,,,,,,,,,,,,,,,,,,,,,,,,,,,,,,,,,,,,,,,8.625908374703749e-89,,,,,,,,,,,,,,,,,,,,0.281442839197803,
0.0260383167159108,,,,,,,,,,,,,,,,,,,,,,,,,,,,,,,,,,,,,,,,,,,,,,,,,,,,2.71096749752666e-05,,,,,,,,,,,,,,,,,,,,4.5050571964625206e-10,
0.162626514240341,,,,,,,,,,,,,,,,,,,,,,,,,,,,,,,,,,,,,,,,,,,,,,,,,,,,0.000248752035177815,,,,,,,,,,,,,,,,,,,,0.0984815256965003,
0.00269708560706309,,,,,,,,,,,,,,,,,,,,,,,,,,,,,,,,,,,,,,,,,,,,,,,,,,,,4.503091887980821e-16,,,,,,,,,,,,,,,,,,,,0.0502186045181246,
0.00590154490593646,,,,,,,,,,,,,,,,,,,,,,,,,,,,,,,,,,,,,,,,,,,,,,,,,,,,2.4649337584513693e-99,,,,,,,,,,,,,,,,,,,,0.53596353947448,
0.17118075441256697,,,,,,,,,,,,,,,,,,,,,,,,,,,,,,,,,,,,,,,,,,,,,,,,,,,,1.52622506420961e-27,,,,,,,,,,,,,,,,,,,,0.7493023776615201,
0.000159155478452379,,,,,,,,,,,,,,,,,,,,,,,,,,,,,,,,,,,,,,,,,,,,,,,,,,,,0.0482121787311338,,,,,,,,,,,,,,,,,,,,0.589797793113726,
3.1531424361984196e-09,,,,,,,,,,,,,,,,,,,,,,,,,,,,,,,,,,,,,,,,,,,,,,,,,,,,0.0301093312848,,,,,,,,,,,,,,,,,,,,7.31898556467407e-16,
0.000292656618922827,,,,,,,,,,,,,,,,,,,,,,,,,,,,,,,,,,,,,,,,,,,,,,,,,,,,1.38770081166949e-47,,,,,,,,,,,,,,,,,,,,0.0089446047253097,
4.08343800847094e-08,,,,,,,,,,,,,,,,,,,,,,,,,,,,,,,,,,,,,,,,,,,,,,,,,,,,1.84637932771635e-10,,,,,,,,,,,,,,,,,,,,0.00251691575084937,
1.78513024965622e-11,,,,,,,,,,,,,,,,,,,,,,,,,,,,,,,,,,,,,,,,,,,,,,,,,,,,0.00814351531940867,,,,,,,,,,,,,,,,,,,,5.7387244402733085e-67,
6.801017514612499e-108,,,,,,,,,,,,,,,,,,,,,,,,,,,,,,,,,,,,,,,,,,,,,,,,,,,,3.6392230211780595e-56,,,,,,,,,,,,,,,,,,,,0.0135892843590808,
1.96240554416751e-06,,,,,,,,,,,,,,,,,,,,,,,,,,,,,,,,,,,,,,,,,,,,,,,,,,,,9.296246282275907e-41,,,,,,,,,,,,,,,,,,,,0.497290804036832,
1.47232639763349e-06,,,,,,,,,,,,,,,,,,,,,,,,,,,,,,,,,,,,,,,,,,,,,,,,,,,,4.54126809627841e-11,,,,,,,,,,,,,,,,,,,,2.4094605089734397e-35,
0.161481700000476,,,,,,,,,,,,,,,,,,,,,,,,,,,,,,,,,,,,,,,,,,,,,,,,,,,,0.319724155784123,,,,,,,,,,,,,,,,,,,,0.0602042936534901,
2.04546220075828e-20,,,,,,,,,,,,,,,,,,,,,,,,,,,,,,,,,,,,,,,,,,,,,,,,,,,,8.32845269177542e-06,,,,,,,,,,,,,,,,,,,,0.0833972615801808,
4.45451892136461e-05,,,,,,,,,,,,,,,,,,,,,,,,,,,,,,,,,,,,,,,,,,,,,,,,,,,,0.0140457891240772,,,,,,,,,,,,,,,,,,,,0.00578067391614647,
0.205286573233197,,,,,,,,,,,,,,,,,,,,,,,,,,,,,,,,,,,,,,,,,,,,,,,,,,,,2.0082359711337295e-83,,,,,,,,,,,,,,,,,,,,0.343258817265496,
0.000184222223048894,,,,,,,,,,,,,,,,,,,,,,,,,,,,,,,,,,,,,,,,,,,,,,,,,,,,5.018176089460349e-36,,,,,,,,,,,,,,,,,,,,0.108975041135016,
4.522617836650269e-64,,,,,,,,,,,,,,,,,,,,,,,,,,,,,,,,,,,,,,,,,,,,,,,,,,,,9.97976991018393e-12,,,,,,,,,,,,,,,,,,,,1.4248014964619599e-05,
6.62614556174895e-08,,,,,,,,,,,,,,,,,,,,,,,,,,,,,,,,,,,,,,,,,,,,,,,,,,,,4.503091887980821e-16,,,,,,,,,,,,,,,,,,,,0.30425400090580895,
0.00011542343205841499,,,,,,,,,,,,,,,,,,,,,,,,,,,,,,,,,,,,,,,,,,,,,,,,,,,,6.996915336684179e-51,,,,,,,,,,,,,,,,,,,,0.0525738357878426,
0.0334651238026812,,,,,,,,,,,,,,,,,,,,,,,,,,,,,,,,,,,,,,,,,,,,,,,,,,,,0.00134061952196009,,,,,,,,,,,,,,,,,,,,0.0013094814124166901,
0.0177077423478641,,,,,,,,,,,,,,,,,,,,,,,,,,,,,,,,,,,,,,,,,,,,,,,,,,,,0.19658946342236702,,,,,,,,,,,,,,,,,,,,0.5491854320323879,
0.298029956744717,,,,,,,,,,,,,,,,,,,,,,,,,,,,,,,,,,,,,,,,,,,,,,,,,,,,5.80273548395864e-05,,,,,,,,,,,,,,,,,,,,0.202027825121689,
0.4796062771229129,,,,,,,,,,,,,,,,,,,,,,,,,,,,,,,,,,,,,,,,,,,,,,,,,,,,5.2237489337488995e-48,,,,,,,,,,,,,,,,,,,,0.43046342168998397,
0.00173846696398169,,,,,,,,,,,,,,,,,,,,,,,,,,,,,,,,,,,,,,,,,,,,,,,,,,,,1.79159298919831e-24,,,,,,,,,,,,,,,,,,,,6.25452238303315e-17,
4.88656664357064e-17,,,,,,,,,,,,,,,,,,,,,,,,,,,,,,,,,,,,,,,,,,,,,,,,,,,,0.27397312614589897,,,,,,,,,,,,,,,,,,,,0.497290804036832,
0.00125233507472857,,,,,,,,,,,,,,,,,,,,,,,,,,,,,,,,,,,,,,,,,,,,,,,,,,,,4.68700124379863e-24,,,,,,,,,,,,,,,,,,,,0.555856638793484,
2.5808278457265398e-05,,,,,,,,,,,,,,,,,,,,,,,,,,,,,,,,,,,,,,,,,,,,,,,,,,,,,,,,,,,,,,,,,,,,,,,,3.0758008795175195e-85,
0.5387248996581541,,,,,,,,,,,,,,,,,,,,,,,,,,,,,,,,,,,,,,,,,,,,,,,,,,,,,,,,,,,,,,,,,,,,,,,,0.143133124363487,
0.0323790843595225,,,,,,,,,,,,,,,,,,,,,,,,,,,,,,,,,,,,,,,,,,,,,,,,,,,,,,,,,,,,,,,,,,,,,,,,0.0782507601549789,
1.4911579885053698e-23,,,,,,,,,,,,,,,,,,,,,,,,,,,,,,,,,,,,,,,,,,,,,,,,,,,,,,,,,,,,,,,,,,,,,,,,5.93247028578027e-10,
5.87337971781445e-07,,,,,,,,,,,,,,,,,,,,,,,,,,,,,,,,,,,,,,,,,,,,,,,,,,,,,,,,,,,,,,,,,,,,,,,,0.6317519292009971,
0.000866289907638305,,,,,,,,,,,,,,,,,,,,,,,,,,,,,,,,,,,,,,,,,,,,,,,,,,,,,,,,,,,,,,,,,,,,,,,,0.53596353947448,
0.62662149504247,,,,,,,,,,,,,,,,,,,,,,,,,,,,,,,,,,,,,,,,,,,,,,,,,,,,,,,,,,,,,,,,,,,,,,,,0.9681330272633879,
0.15428202650696599,,,,,,,,,,,,,,,,,,,,,,,,,,,,,,,,,,,,,,,,,,,,,,,,,,,,,,,,,,,,,,,,,,,,,,,,1.61732446477532e-05,
2.19505379280125e-08,,,,,,,,,,,,,,,,,,,,,,,,,,,,,,,,,,,,,,,,,,,,,,,,,,,,,,,,,,,,,,,,,,,,,,,,0.10051253003504401,
1.55052909907514e-10,,,,,,,,,,,,,,,,,,,,,,,,,,,,,,,,,,,,,,,,,,,,,,,,,,,,,,,,,,,,,,,,,,,,,,,,0.0562806724501406,
3.43379257589951e-05,,,,,,,,,,,,,,,,,,,,,,,,,,,,,,,,,,,,,,,,,,,,,,,,,,,,,,,,,,,,,,,,,,,,,,,,1.97564204784678e-06,
0.1479246447187,,,,,,,,,,,,,,,,,,,,,,,,,,,,,,,,,,,,,,,,,,,,,,,,,,,,,,,,,,,,,,,,,,,,,,,,0.328270076917668,
4.12164717334177e-07,,,,,,,,,,,,,,,,,,,,,,,,,,,,,,,,,,,,,,,,,,,,,,,,,,,,,,,,,,,,,,,,,,,,,,,,0.000289071296750382,
0.400955679949144,,,,,,,,,,,,,,,,,,,,,,,,,,,,,,,,,,,,,,,,,,,,,,,,,,,,,,,,,,,,,,,,,,,,,,,,2.29668736190069e-12,
7.53137400037075e-10,,,,,,,,,,,,,,,,,,,,,,,,,,,,,,,,,,,,,,,,,,,,,,,,,,,,,,,,,,,,,,,,,,,,,,,,0.47236557352967895,
0.0106450389384315,,,,,,,,,,,,,,,,,,,,,,,,,,,,,,,,,,,,,,,,,,,,,,,,,,,,,,,,,,,,,,,,,,,,,,,,0.569317427361991,
1.1663460817404e-09,,,,,,,,,,,,,,,,,,,,,,,,,,,,,,,,,,,,,,,,,,,,,,,,,,,,,,,,,,,,,,,,,,,,,,,,0.33321809045780104,
0.9241732849809229,,,,,,,,,,,,,,,,,,,,,,,,,,,,,,,,,,,,,,,,,,,,,,,,,,,,,,,,,,,,,,,,,,,,,,,,5.02666972111312e-27,
0.587277504922609,,,,,,,,,,,,,,,,,,,,,,,,,,,,,,,,,,,,,,,,,,,,,,,,,,,,,,,,,,,,,,,,,,,,,,,,0.0687384977823909,
0.0133750463110917,,,,,,,,,,,,,,,,,,,,,,,,,,,,,,,,,,,,,,,,,,,,,,,,,,,,,,,,,,,,,,,,,,,,,,,,0.667658588575648,
0.00450891617704867,,,,,,,,,,,,,,,,,,,,,,,,,,,,,,,,,,,,,,,,,,,,,,,,,,,,,,,,,,,,,,,,,,,,,,,,3.52482995270246e-21,
0.0478158996067974,,,,,,,,,,,,,,,,,,,,,,,,,,,,,,,,,,,,,,,,,,,,,,,,,,,,,,,,,,,,,,,,,,,,,,,,0.38534336434225996,
0.00898158211904181,,,,,,,,,,,,,,,,,,,,,,,,,,,,,,,,,,,,,,,,,,,,,,,,,,,,,,,,,,,,,,,,,,,,,,,,1.01305613916547e-05,
4.57691198143801e-12,,,,,,,,,,,,,,,,,,,,,,,,,,,,,,,,,,,,,,,,,,,,,,,,,,,,,,,,,,,,,,,,,,,,,,,,6.831420727590009e-26,
0.0,,,,,,,,,,,,,,,,,,,,,,,,,,,,,,,,,,,,,,,,,,,,,,,,,,,,,,,,,,,,,,,,,,,,,,,,0.000258778205654259,
0.0146725261280358,,,,,,,,,,,,,,,,,,,,,,,,,,,,,,,,,,,,,,,,,,,,,,,,,,,,,,,,,,,,,,,,,,,,,,,,0.299595517380773,
0.00138574290980076,,,,,,,,,,,,,,,,,,,,,,,,,,,,,,,,,,,,,,,,,,,,,,,,,,,,,,,,,,,,,,,,,,,,,,,,0.522905077960336,
0.700624473087966,,,,,,,,,,,,,,,,,,,,,,,,,,,,,,,,,,,,,,,,,,,,,,,,,,,,,,,,,,,,,,,,,,,,,,,,0.607470532514352,
5.0107521755457205e-05,,,,,,,,,,,,,,,,,,,,,,,,,,,,,,,,,,,,,,,,,,,,,,,,,,,,,,,,,,,,,,,,,,,,,,,,7.39475794301903e-09,
1.49075768491987e-11,,,,,,,,,,,,,,,,,,,,,,,,,,,,,,,,,,,,,,,,,,,,,,,,,,,,,,,,,,,,,,,,,,,,,,,,0.3745351899797101,
3.0590242698270505e-13,,,,,,,,,,,,,,,,,,,,,,,,,,,,,,,,,,,,,,,,,,,,,,,,,,,,,,,,,,,,,,,,,,,,,,,,0.209137593358373,
3.05564673306527e-10,,,,,,,,,,,,,,,,,,,,,,,,,,,,,,,,,,,,,,,,,,,,,,,,,,,,,,,,,,,,,,,,,,,,,,,,2.03904991529286e-12,
5.40435297086684e-11,,,,,,,,,,,,,,,,,,,,,,,,,,,,,,,,,,,,,,,,,,,,,,,,,,,,,,,,,,,,,,,,,,,,,,,,0.46624435182957297,
0.7009196894209929,,,,,,,,,,,,,,,,,,,,,,,,,,,,,,,,,,,,,,,,,,,,,,,,,,,,,,,,,,,,,,,,,,,,,,,,0.323370326134591,
8.62521720993942e-15,,,,,,,,,,,,,,,,,,,,,,,,,,,,,,,,,,,,,,,,,,,,,,,,,,,,,,,,,,,,,,,,,,,,,,,,3.6066880276338396e-16,
0.0216766951499923,,,,,,,,,,,,,,,,,,,,,,,,,,,,,,,,,,,,,,,,,,,,,,,,,,,,,,,,,,,,,,,,,,,,,,,,0.6176247523164611,
0.254774174745024,,,,,,,,,,,,,,,,,,,,,,,,,,,,,,,,,,,,,,,,,,,,,,,,,,,,,,,,,,,,,,,,,,,,,,,,0.5294136799888529,
0.000708958358012854,,,,,,,,,,,,,,,,,,,,,,,,,,,,,,,,,,,,,,,,,,,,,,,,,,,,,,,,,,,,,,,,,,,,,,,,0.00454605955179548,
0.0132819385323122,,,,,,,,,,,,,,,,,,,,,,,,,,,,,,,,,,,,,,,,,,,,,,,,,,,,,,,,,,,,,,,,,,,,,,,,0.655214587958706,
0.08878726586913198,,,,,,,,,,,,,,,,,,,,,,,,,,,,,,,,,,,,,,,,,,,,,,,,,,,,,,,,,,,,,,,,,,,,,,,,0.10051253003504401,
1.2604186972389999e-05,,,,,,,,,,,,,,,,,,,,,,,,,,,,,,,,,,,,,,,,,,,,,,,,,,,,,,,,,,,,,,,,,,,,,,,,0.7493023776615201,
2.06982470060455e-09,,,,,,,,,,,,,,,,,,,,,,,,,,,,,,,,,,,,,,,,,,,,,,,,,,,,,,,,,,,,,,,,,,,,,,,,0.833881446260616,
0.00936190076828094,,,,,,,,,,,,,,,,,,,,,,,,,,,,,,,,,,,,,,,,,,,,,,,,,,,,,,,,,,,,,,,,,,,,,,,,0.0602042936534901,
6.10799754816148e-07,,,,,,,,,,,,,,,,,,,,,,,,,,,,,,,,,,,,,,,,,,,,,,,,,,,,,,,,,,,,,,,,,,,,,,,,0.46624435182957297,
3.6727164113148e-11,,,,,,,,,,,,,,,,,,,,,,,,,,,,,,,,,,,,,,,,,,,,,,,,,,,,,,,,,,,,,,,,,,,,,,,,0.19854023001417398,
3.0588628609782496e-94,,,,,,,,,,,,,,,,,,,,,,,,,,,,,,,,,,,,,,,,,,,,,,,,,,,,,,,,,,,,,,,,,,,,,,,,0.0112053435691141,
6.25406561748116e-07,,,,,,,,,,,,,,,,,,,,,,,,,,,,,,,,,,,,,,,,,,,,,,,,,,,,,,,,,,,,,,,,,,,,,,,,0.272654372197454,
3.32575605425248e-05,,,,,,,,,,,,,,,,,,,,,,,,,,,,,,,,,,,,,,,,,,,,,,,,,,,,,,,,,,,,,,,,,,,,,,,,0.589797793113726,
0.284225849730041,,,,,,,,,,,,,,,,,,,,,,,,,,,,,,,,,,,,,,,,,,,,,,,,,,,,,,,,,,,,,,,,,,,,,,,,0.7043486413588871,
7.12589251126479e-19,,,,,,,,,,,,,,,,,,,,,,,,,,,,,,,,,,,,,,,,,,,,,,,,,,,,,,,,,,,,,,,,,,,,,,,,0.18503300439889103,
0.0025572649098728603,,,,,,,,,,,,,,,,,,,,,,,,,,,,,,,,,,,,,,,,,,,,,,,,,,,,,,,,,,,,,,,,,,,,,,,,0.28590893285119,
0.21594172629696898,,,,,,,,,,,,,,,,,,,,,,,,,,,,,,,,,,,,,,,,,,,,,,,,,,,,,,,,,,,,,,,,,,,,,,,,0.0672502363036605,
0.0036810712402580202,,,,,,,,,,,,,,,,,,,,,,,,,,,,,,,,,,,,,,,,,,,,,,,,,,,,,,,,,,,,,,,,,,,,,,,,0.638867090207911,
1.19334630689239e-47,,,,,,,,,,,,,,,,,,,,,,,,,,,,,,,,,,,,,,,,,,,,,,,,,,,,,,,,,,,,,,,,,,,,,,,,0.7874386442171559,
0.000166709784738241,,,,,,,,,,,,,,,,,,,,,,,,,,,,,,,,,,,,,,,,,,,,,,,,,,,,,,,,,,,,,,,,,,,,,,,,0.0447174247014742,
9.000505765539069e-05,,,,,,,,,,,,,,,,,,,,,,,,,,,,,,,,,,,,,,,,,,,,,,,,,,,,,,,,,,,,,,,,,,,,,,,,7.48928276690394e-06,
0.0636704465996544,,,,,,,,,,,,,,,,,,,,,,,,,,,,,,,,,,,,,,,,,,,,,,,,,,,,,,,,,,,,,,,,,,,,,,,,0.31371564229165005,
0.000160744115973207,,,,,,,,,,,,,,,,,,,,,,,,,,,,,,,,,,,,,,,,,,,,,,,,,,,,,,,,,,,,,,,,,,,,,,,,0.9125196718008299,
0.0312427665894093,,,,,,,,,,,,,,,,,,,,,,,,,,,,,,,,,,,,,,,,,,,,,,,,,,,,,,,,,,,,,,,,,,,,,,,,0.0132231726417008,
0.35686886707194393,,,,,,,,,,,,,,,,,,,,,,,,,,,,,,,,,,,,,,,,,,,,,,,,,,,,,,,,,,,,,,,,,,,,,,,,0.00689861987122754,
5.16256719431534e-06,,,,,,,,,,,,,,,,,,,,,,,,,,,,,,,,,,,,,,,,,,,,,,,,,,,,,,,,,,,,,,,,,,,,,,,,0.5294136799888529,
1.6207853441406297e-16,,,,,,,,,,,,,,,,,,,,,,,,,,,,,,,,,,,,,,,,,,,,,,,,,,,,,,,,,,,,,,,,,,,,,,,,0.689583404326095,
0.0012668958534980002,,,,,,,,,,,,,,,,,,,,,,,,,,,,,,,,,,,,,,,,,,,,,,,,,,,,,,,,,,,,,,,,,,,,,,,,0.00170709097896952,
5.950493003487129e-07,,,,,,,,,,,,,,,,,,,,,,,,,,,,,,,,,,,,,,,,,,,,,,,,,,,,,,,,,,,,,,,,,,,,,,,,0.106807941206134,
0.0922255538595159,,,,,,,,,,,,,,,,,,,,,,,,,,,,,,,,,,,,,,,,,,,,,,,,,,,,,,,,,,,,,,,,,,,,,,,,0.00427759124437296,
0.00178037764570145,,,,,,,,,,,,,,,,,,,,,,,,,,,,,,,,,,,,,,,,,,,,,,,,,,,,,,,,,,,,,,,,,,,,,,,,1.47958257187892e-20,
1.67811489286485e-22,,,,,,,,,,,,,,,,,,,,,,,,,,,,,,,,,,,,,,,,,,,,,,,,,,,,,,,,,,,,,,,,,,,,,,,,0.122722449169566,
9.57088804910754e-10,,,,,,,,,,,,,,,,,,,,,,,,,,,,,,,,,,,,,,,,,,,,,,,,,,,,,,,,,,,,,,,,,,,,,,,,0.31851884790974705,
2.32382103922445e-05,,,,,,,,,,,,,,,,,,,,,,,,,,,,,,,,,,,,,,,,,,,,,,,,,,,,,,,,,,,,,,,,,,,,,,,,0.40752840177964395,
0.233537515470751,,,,,,,,,,,,,,,,,,,,,,,,,,,,,,,,,,,,,,,,,,,,,,,,,,,,,,,,,,,,,,,,,,,,,,,,0.75688373144723,
0.00341861241436123,,,,,,,,,,,,,,,,,,,,,,,,,,,,,,,,,,,,,,,,,,,,,,,,,,,,,,,,,,,,,,,,,,,,,,,,0.00251691575084937,
2.40274685131185e-07,,,,,,,,,,,,,,,,,,,,,,,,,,,,,,,,,,,,,,,,,,,,,,,,,,,,,,,,,,,,,,,,,,,,,,,,0.8183268380122142,
3.60103106215322e-11,,,,,,,,,,,,,,,,,,,,,,,,,,,,,,,,,,,,,,,,,,,,,,,,,,,,,,,,,,,,,,,,,,,,,,,,0.610613809300718,
0.00260784157490298,,,,,,,,,,,,,,,,,,,,,,,,,,,,,,,,,,,,,,,,,,,,,,,,,,,,,,,,,,,,,,,,,,,,,,,,0.323370326134591,
0.041136827308608,,,,,,,,,,,,,,,,,,,,,,,,,,,,,,,,,,,,,,,,,,,,,,,,,,,,,,,,,,,,,,,,,,,,,,,,0.000480203218344759,
2.0599332840603803e-06,,,,,,,,,,,,,,,,,,,,,,,,,,,,,,,,,,,,,,,,,,,,,,,,,,,,,,,,,,,,,,,,,,,,,,,,0.00159835374143014,
0.0741870235657509,,,,,,,,,,,,,,,,,,,,,,,,,,,,,,,,,,,,,,,,,,,,,,,,,,,,,,,,,,,,,,,,,,,,,,,,0.0657887928461489,
1.36877749464453e-08,,,,,,,,,,,,,,,,,,,,,,,,,,,,,,,,,,,,,,,,,,,,,,,,,,,,,,,,,,,,,,,,,,,,,,,,0.264056936367132,
0.000849319262539568,,,,,,,,,,,,,,,,,,,,,,,,,,,,,,,,,,,,,,,,,,,,,,,,,,,,,,,,,,,,,,,,,,,,,,,,0.40752840177964395,
0.00108260512720966,,,,,,,,,,,,,,,,,,,,,,,,,,,,,,,,,,,,,,,,,,,,,,,,,,,,,,,,,,,,,,,,,,,,,,,,0.9974499633103359,
0.77127124985276,,,,,,,,,,,,,,,,,,,,,,,,,,,,,,,,,,,,,,,,,,,,,,,,,,,,,,,,,,,,,,,,,,,,,,,,0.00313998280732105,
0.00120106705360894,,,,,,,,,,,,,,,,,,,,,,,,,,,,,,,,,,,,,,,,,,,,,,,,,,,,,,,,,,,,,,,,,,,,,,,,0.41890287092795797,
0.000213308289984053,,,,,,,,,,,,,,,,,,,,,,,,,,,,,,,,,,,,,,,,,,,,,,,,,,,,,,,,,,,,,,,,,,,,,,,,0.5294136799888529,
0.000614768935353051,,,,,,,,,,,,,,,,,,,,,,,,,,,,,,,,,,,,,,,,,,,,,,,,,,,,,,,,,,,,,,,,,,,,,,,,0.19854023001417398,
0.15076090221701002,,,,,,,,,,,,,,,,,,,,,,,,,,,,,,,,,,,,,,,,,,,,,,,,,,,,,,,,,,,,,,,,,,,,,,,,0.281442839197803,
0.0090845480720622,,,,,,,,,,,,,,,,,,,,,,,,,,,,,,,,,,,,,,,,,,,,,,,,,,,,,,,,,,,,,,,,,,,,,,,,0.638867090207911,
7.32371135698888e-10,,,,,,,,,,,,,,,,,,,,,,,,,,,,,,,,,,,,,,,,,,,,,,,,,,,,,,,,,,,,,,,,,,,,,,,,1.6083426259196599e-24,
0.0,,,,,,,,,,,,,,,,,,,,,,,,,,,,,,,,,,,,,,,,,,,,,,,,,,,,,,,,,,,,,,,,,,,,,,,,0.27702467995485497,
0.01374264190117,,,,,,,,,,,,,,,,,,,,,,,,,,,,,,,,,,,,,,,,,,,,,,,,,,,,,,,,,,,,,,,,,,,,,,,,0.47853113330745706,
0.0005892178394102179,,,,,,,,,,,,,,,,,,,,,,,,,,,,,,,,,,,,,,,,,,,,,,,,,,,,,,,,,,,,,,,,,,,,,,,,0.0192377435241871,
0.7528420289410269,,,,,,,,,,,,,,,,,,,,,,,,,,,,,,,,,,,,,,,,,,,,,,,,,,,,,,,,,,,,,,,,,,,,,,,,0.9936249656817159,
